Timestamp,Main Category,Product Name,Current Price,Original Price
2025-04-06 20:25:04,SPECIAL OFFERS!,Fitbit Sense 2 Smart Watch & Fitness Activity Tracker,USD249.00,USD300.00
2025-04-06 20:25:04,SPECIAL OFFERS!,Apple IPAD 9 Black 64GB,USD255.00,USD299.00
2025-04-06 20:25:04,SPECIAL OFFERS!,Beurer BF183 Limited Edition Diagnostic Bathroom Scale,USD34.00,USD34.00
2025-04-06 20:25:04,SPECIAL OFFERS!,Bergner BG-50054-CP Hand Blender 800W 2 Speeds,USD33.00,USD45.00
2025-04-06 20:25:04,SPECIAL OFFERS!,Fresh G90BL Gas Oven 90cm,USD295.00,USD395.00
2025-04-06 20:25:04,SPECIAL OFFERS!,"Ariston | NS 723U EX Washing Machine 7 KG, 1200 RPM, White",USD399.00,USD500.00
2025-04-06 20:25:04,SPECIAL OFFERS!,Sensus Bundle | Hob 70 CM+ Oven 60 CM + Hood 60 CM,USD490.00,USD930.00
2025-04-06 20:25:04,NEW ARRIVALS!,KitchenAid KMQFX33910 Combi Microwave Oven 33 Litres,USD850.00,USD905.00
2025-04-06 20:25:04,NEW ARRIVALS!,Jura ENA 8 Metropolitan Black Coffee Machine,"USD1,921.00","USD1,921.00"
2025-04-06 20:25:04,NEW ARRIVALS!,Philips HR1916 Juice Extractor 900W,USD169.00,USD169.00
2025-04-06 20:25:04,NEW ARRIVALS!,Ufesa Mystic Topaz Cup Blender,USD200.00,USD200.00
2025-04-06 20:25:04,NEW ARRIVALS!,Bialetti 0005356 Moka Express Dolce& Gabbana | Mediterrean blue “Exclusively at Beytech”,USD169.00,USD169.00
2025-04-06 20:25:04,NEW ARRIVALS!,Moulinex BY550D10 Kettle Subito 1.7L Stainless steel,USD53.00,USD53.00
2025-04-06 20:25:04,NEW ARRIVALS!,Beurer MG79 Limited Edition Massage Gun,USD70.00,USD70.00
2025-04-06 20:25:04,BEST SELLERS!,"Frigidaire FD5110 TG Mini Chopper, 300ml Teal 300W",USD43.00,USD43.00
2025-04-06 20:25:04,BEST SELLERS!,Vivino WC-18 Thermoelectric Wine Cooler 18 Bottles,USD340.00,USD340.00
2025-04-06 20:25:04,BEST SELLERS!,Bialetti 0002762/Np Moka Alpina 3 Cups,USD43.00,USD43.00
2025-04-06 20:25:04,BEST SELLERS!,Segway Ninebot KickScooter MAX G2 E,USD999.00,USD999.00
2025-04-06 20:25:04,BEST SELLERS!,Ufesa BE0908 Bathroom Scale 29×28 cm,USD28.00,USD28.00
2025-04-06 20:25:04,BEST SELLERS!,Beurer BM27 Upper arm blood pressure monitor,USD40.00,USD40.00
2025-04-06 20:25:04,BEST SELLERS!,BaByliss 9436E Double Sided Makeup Mirror with 1x and 10x,USD110.00,USD110.00
2025-04-06 20:25:04,VARIETY APPLIANCES,Big Chef GC655 Gas Cooker 60×55 CM,USD159.00,USD230.00
2025-04-06 20:25:04,VARIETY APPLIANCES,Fresh O60FGB Built-in Gas Oven 60 cm,USD215.00,USD295.00
2025-04-06 20:25:04,VARIETY APPLIANCES,Haier AFD-631CB Bottom Mount Refrigerator Black 307L,USD799.00,"USD1,085.00"
2025-04-06 20:25:04,VARIETY APPLIANCES,KitchenAid KHWD1 38510 Induction Wok Hob 38cm Black,"USD2,970.00","USD3,920.00"
2025-04-06 20:25:04,VARIETY APPLIANCES,Acer Aspire 3 (A315-510P-35ZJ) laptop,USD349.00,USD399.00
2025-04-06 20:25:04,VARIETY APPLIANCES,Biolos YSDH-10 Hand Dryer White,USD777.00,USD899.00
2025-04-06 20:25:04,SMALL APPLIANCES,Twistshake Tableware Bundle for Girls,USD50.00,USD100.00
2025-04-06 20:25:04,SMALL APPLIANCES,Babyliss ST325E Ultra Slim Hair Straightener 22Mm,USD50.00,USD50.00
2025-04-06 20:25:04,SMALL APPLIANCES,MasterPro by Alessi BGMP-2212 Frypan 24X4.5Cm S/S Bones By Alessi,USD79.00,USD79.00
2025-04-06 20:25:04,SMALL APPLIANCES,"Bialetti 2022059 Espresso Cups, Set of 6 “Exclusively at Beytech”",USD45.00,USD45.00
2025-04-06 20:25:04,SMALL APPLIANCES,Bergner BG-20251-RD Set 3Pcs Food Container,USD25.00,USD25.00
2025-04-06 20:25:04,SMALL APPLIANCES,Princess 492943 Kitchen Scale,USD27.00,USD27.00
2025-04-06 20:25:04,SMALL APPLIANCES,Princess 163001 Saj Maker,USD89.00,USD89.00
2025-04-06 20:25:04,LATEST,Masterpro BGMP-2145 Set 6Pc Cookware Stainless Steel Ind Smart,USD123.00,USD123.00
2025-04-06 20:25:04,LATEST,Bialetti 0005327 Moka Express Dolce&Gabbana 'Exclusively at Beytech',USD100.00,USD100.00
2025-04-06 20:25:04,LATEST,Bergner BG-3210 Kitchen Tongs 30.5Cm Ss + Black Silicon,USD9.00,USD9.00
2025-04-06 20:25:04,LATEST,San Ignacio Bgeu-1594 Rectangular Baking Dish 39X25X7Cm 3.8L,USD22.00,USD22.00
2025-04-06 20:25:04,TRENDING,Beurer BF600 Diagnostic Scale,USD60.00,USD60.00
2025-04-06 20:25:04,TRENDING,Haier HDWE1338CS1IQ Freestanding dishwasher 13 place settings Silver color,USD429.00,USD429.00
2025-04-06 20:25:04,TRENDING,Babyliss W2447E - Deep waves,USD99.00,USD99.00
2025-04-06 20:25:04,ON SALE,"Haier AS12PB3HRA Air conditioner 12,000 BTU INVERTER heat and cool smart",USD444.00,USD515.00
2025-04-06 20:25:04,ON SALE,Sensus AC-205 Air Cooler,USD159.00,USD159.00
2025-04-06 20:25:04,ON SALE,Ufesa AF5600 Air Fryer 5 Liters,USD119.00,USD178.00
2025-04-06 21:41:39,SPECIAL OFFERS!,Fitbit Sense 2 Smart Watch & Fitness Activity Tracker,USD249.00,USD300.00
2025-04-06 21:41:39,SPECIAL OFFERS!,Apple IPAD 9 Black 64GB,USD255.00,USD299.00
2025-04-06 21:41:39,SPECIAL OFFERS!,Beurer BF183 Limited Edition Diagnostic Bathroom Scale,USD34.00,USD34.00
2025-04-06 21:41:39,SPECIAL OFFERS!,Bergner BG-50054-CP Hand Blender 800W 2 Speeds,USD33.00,USD45.00
2025-04-06 21:41:39,SPECIAL OFFERS!,Fresh G90BL Gas Oven 90cm,USD295.00,USD395.00
2025-04-06 21:41:39,SPECIAL OFFERS!,"Ariston | NS 723U EX Washing Machine 7 KG, 1200 RPM, White",USD399.00,USD500.00
2025-04-06 21:41:39,SPECIAL OFFERS!,Sensus Bundle | Hob 70 CM+ Oven 60 CM + Hood 60 CM,USD490.00,USD930.00
2025-04-06 21:41:39,NEW ARRIVALS!,KitchenAid KMQFX33910 Combi Microwave Oven 33 Litres,USD850.00,USD905.00
2025-04-06 21:41:39,NEW ARRIVALS!,Jura ENA 8 Metropolitan Black Coffee Machine,"USD1,921.00","USD1,921.00"
2025-04-06 21:41:39,NEW ARRIVALS!,Philips HR1916 Juice Extractor 900W,USD169.00,USD169.00
2025-04-06 21:41:39,NEW ARRIVALS!,Ufesa Mystic Topaz Cup Blender,USD200.00,USD200.00
2025-04-06 21:41:39,NEW ARRIVALS!,Bialetti 0005356 Moka Express Dolce& Gabbana | Mediterrean blue “Exclusively at Beytech”,USD169.00,USD169.00
2025-04-06 21:41:39,NEW ARRIVALS!,Moulinex BY550D10 Kettle Subito 1.7L Stainless steel,USD53.00,USD53.00
2025-04-06 21:41:39,NEW ARRIVALS!,Beurer MG79 Limited Edition Massage Gun,USD70.00,USD70.00
2025-04-06 21:41:39,BEST SELLERS!,"Frigidaire FD5110 TG Mini Chopper, 300ml Teal 300W",USD43.00,USD43.00
2025-04-06 21:41:39,BEST SELLERS!,Vivino WC-18 Thermoelectric Wine Cooler 18 Bottles,USD340.00,USD340.00
2025-04-06 21:41:39,BEST SELLERS!,Bialetti 0002762/Np Moka Alpina 3 Cups,USD43.00,USD43.00
2025-04-06 21:41:39,BEST SELLERS!,Segway Ninebot KickScooter MAX G2 E,USD999.00,USD999.00
2025-04-06 21:41:39,BEST SELLERS!,Ufesa BE0908 Bathroom Scale 29×28 cm,USD28.00,USD28.00
2025-04-06 21:41:39,BEST SELLERS!,Beurer BM27 Upper arm blood pressure monitor,USD40.00,USD40.00
2025-04-06 21:41:39,BEST SELLERS!,BaByliss 9436E Double Sided Makeup Mirror with 1x and 10x,USD110.00,USD110.00
2025-04-06 21:41:39,VARIETY APPLIANCES,Big Chef GC655 Gas Cooker 60×55 CM,USD159.00,USD230.00
2025-04-06 21:41:39,VARIETY APPLIANCES,Fresh O60FGB Built-in Gas Oven 60 cm,USD215.00,USD295.00
2025-04-06 21:41:39,VARIETY APPLIANCES,Haier AFD-631CB Bottom Mount Refrigerator Black 307L,USD799.00,"USD1,085.00"
2025-04-06 21:41:39,VARIETY APPLIANCES,KitchenAid KHWD1 38510 Induction Wok Hob 38cm Black,"USD2,970.00","USD3,920.00"
2025-04-06 21:41:39,VARIETY APPLIANCES,Acer Aspire 3 (A315-510P-35ZJ) laptop,USD349.00,USD399.00
2025-04-06 21:41:39,VARIETY APPLIANCES,Biolos YSDH-10 Hand Dryer White,USD777.00,USD899.00
2025-04-06 21:41:39,SMALL APPLIANCES,Twistshake Tableware Bundle for Girls,USD50.00,USD100.00
2025-04-06 21:41:39,SMALL APPLIANCES,Babyliss ST325E Ultra Slim Hair Straightener 22Mm,USD50.00,USD50.00
2025-04-06 21:41:39,SMALL APPLIANCES,MasterPro by Alessi BGMP-2212 Frypan 24X4.5Cm S/S Bones By Alessi,USD79.00,USD79.00
2025-04-06 21:41:39,SMALL APPLIANCES,"Bialetti 2022059 Espresso Cups, Set of 6 “Exclusively at Beytech”",USD45.00,USD45.00
2025-04-06 21:41:39,SMALL APPLIANCES,Bergner BG-20251-RD Set 3Pcs Food Container,USD25.00,USD25.00
2025-04-06 21:41:39,SMALL APPLIANCES,Princess 492943 Kitchen Scale,USD27.00,USD27.00
2025-04-06 21:41:39,SMALL APPLIANCES,Princess 163001 Saj Maker,USD89.00,USD89.00
2025-04-06 21:41:39,LATEST,Masterpro BGMP-2145 Set 6Pc Cookware Stainless Steel Ind Smart,USD123.00,USD123.00
2025-04-06 21:41:39,LATEST,Bialetti 0005327 Moka Express Dolce&Gabbana 'Exclusively at Beytech',USD100.00,USD100.00
2025-04-06 21:41:39,LATEST,Bergner BG-3210 Kitchen Tongs 30.5Cm Ss + Black Silicon,USD9.00,USD9.00
2025-04-06 21:41:39,LATEST,San Ignacio Bgeu-1594 Rectangular Baking Dish 39X25X7Cm 3.8L,USD22.00,USD22.00
2025-04-06 21:41:39,TRENDING,Beurer BF600 Diagnostic Scale,USD60.00,USD60.00
2025-04-06 21:41:39,TRENDING,Haier HDWE1338CS1IQ Freestanding dishwasher 13 place settings Silver color,USD429.00,USD429.00
2025-04-06 21:41:39,TRENDING,Babyliss W2447E - Deep waves,USD99.00,USD99.00
2025-04-06 21:41:39,ON SALE,"Haier AS12PB3HRA Air conditioner 12,000 BTU INVERTER heat and cool smart",USD444.00,USD515.00
2025-04-06 21:41:39,ON SALE,Sensus AC-205 Air Cooler,USD159.00,USD159.00
2025-04-06 21:41:39,ON SALE,Ufesa AF5600 Air Fryer 5 Liters,USD119.00,USD178.00
2025-04-06 22:22:00,SPECIAL OFFERS!,Fitbit Sense 2 Smart Watch & Fitness Activity Tracker,USD249.00,USD300.00
2025-04-06 22:22:00,SPECIAL OFFERS!,Apple IPAD 9 Black 64GB,USD255.00,USD299.00
2025-04-06 22:22:00,SPECIAL OFFERS!,Beurer BF183 Limited Edition Diagnostic Bathroom Scale,USD34.00,USD34.00
2025-04-06 22:22:00,SPECIAL OFFERS!,Bergner BG-50054-CP Hand Blender 800W 2 Speeds,USD33.00,USD45.00
2025-04-06 22:22:00,SPECIAL OFFERS!,Fresh G90BL Gas Oven 90cm,USD295.00,USD395.00
2025-04-06 22:22:00,SPECIAL OFFERS!,"Ariston | NS 723U EX Washing Machine 7 KG, 1200 RPM, White",USD399.00,USD500.00
2025-04-06 22:22:00,SPECIAL OFFERS!,Sensus Bundle | Hob 70 CM+ Oven 60 CM + Hood 60 CM,USD490.00,USD930.00
2025-04-06 22:22:00,NEW ARRIVALS!,KitchenAid KMQFX33910 Combi Microwave Oven 33 Litres,USD850.00,USD905.00
2025-04-06 22:22:00,NEW ARRIVALS!,Jura ENA 8 Metropolitan Black Coffee Machine,"USD1,921.00","USD1,921.00"
2025-04-06 22:22:00,NEW ARRIVALS!,Philips HR1916 Juice Extractor 900W,USD169.00,USD169.00
2025-04-06 22:22:00,NEW ARRIVALS!,Ufesa Mystic Topaz Cup Blender,USD200.00,USD200.00
2025-04-06 22:22:00,NEW ARRIVALS!,Bialetti 0005356 Moka Express Dolce& Gabbana | Mediterrean blue “Exclusively at Beytech”,USD169.00,USD169.00
2025-04-06 22:22:00,NEW ARRIVALS!,Moulinex BY550D10 Kettle Subito 1.7L Stainless steel,USD53.00,USD53.00
2025-04-06 22:22:00,NEW ARRIVALS!,Beurer MG79 Limited Edition Massage Gun,USD70.00,USD70.00
2025-04-06 22:22:00,BEST SELLERS!,"Frigidaire FD5110 TG Mini Chopper, 300ml Teal 300W",USD43.00,USD43.00
2025-04-06 22:22:00,BEST SELLERS!,Vivino WC-18 Thermoelectric Wine Cooler 18 Bottles,USD340.00,USD340.00
2025-04-06 22:22:00,BEST SELLERS!,Bialetti 0002762/Np Moka Alpina 3 Cups,USD43.00,USD43.00
2025-04-06 22:22:00,BEST SELLERS!,Segway Ninebot KickScooter MAX G2 E,USD999.00,USD999.00
2025-04-06 22:22:00,BEST SELLERS!,Ufesa BE0908 Bathroom Scale 29×28 cm,USD28.00,USD28.00
2025-04-06 22:22:00,BEST SELLERS!,Beurer BM27 Upper arm blood pressure monitor,USD40.00,USD40.00
2025-04-06 22:22:00,BEST SELLERS!,BaByliss 9436E Double Sided Makeup Mirror with 1x and 10x,USD110.00,USD110.00
2025-04-06 22:22:00,VARIETY APPLIANCES,Big Chef GC655 Gas Cooker 60×55 CM,USD159.00,USD230.00
2025-04-06 22:22:00,VARIETY APPLIANCES,Fresh O60FGB Built-in Gas Oven 60 cm,USD215.00,USD295.00
2025-04-06 22:22:00,VARIETY APPLIANCES,Haier AFD-631CB Bottom Mount Refrigerator Black 307L,USD799.00,"USD1,085.00"
2025-04-06 22:22:00,VARIETY APPLIANCES,KitchenAid KHWD1 38510 Induction Wok Hob 38cm Black,"USD2,970.00","USD3,920.00"
2025-04-06 22:22:00,VARIETY APPLIANCES,Acer Aspire 3 (A315-510P-35ZJ) laptop,USD349.00,USD399.00
2025-04-06 22:22:00,VARIETY APPLIANCES,Biolos YSDH-10 Hand Dryer White,USD777.00,USD899.00
2025-04-06 22:22:00,SMALL APPLIANCES,Twistshake Tableware Bundle for Girls,USD50.00,USD100.00
2025-04-06 22:22:00,SMALL APPLIANCES,Babyliss ST325E Ultra Slim Hair Straightener 22Mm,USD50.00,USD50.00
2025-04-06 22:22:00,SMALL APPLIANCES,MasterPro by Alessi BGMP-2212 Frypan 24X4.5Cm S/S Bones By Alessi,USD79.00,USD79.00
2025-04-06 22:22:00,SMALL APPLIANCES,"Bialetti 2022059 Espresso Cups, Set of 6 “Exclusively at Beytech”",USD45.00,USD45.00
2025-04-06 22:22:00,SMALL APPLIANCES,Bergner BG-20251-RD Set 3Pcs Food Container,USD25.00,USD25.00
2025-04-06 22:22:00,SMALL APPLIANCES,Princess 492943 Kitchen Scale,USD27.00,USD27.00
2025-04-06 22:22:00,SMALL APPLIANCES,Princess 163001 Saj Maker,USD89.00,USD89.00
2025-04-06 22:22:00,LATEST,Masterpro BGMP-2145 Set 6Pc Cookware Stainless Steel Ind Smart,USD123.00,USD123.00
2025-04-06 22:22:00,LATEST,Bialetti 0005327 Moka Express Dolce&Gabbana 'Exclusively at Beytech',USD100.00,USD100.00
2025-04-06 22:22:00,LATEST,Bergner BG-3210 Kitchen Tongs 30.5Cm Ss + Black Silicon,USD9.00,USD9.00
2025-04-06 22:22:00,LATEST,San Ignacio Bgeu-1594 Rectangular Baking Dish 39X25X7Cm 3.8L,USD22.00,USD22.00
2025-04-06 22:22:00,TRENDING,Beurer BF600 Diagnostic Scale,USD60.00,USD60.00
2025-04-06 22:22:00,TRENDING,Haier HDWE1338CS1IQ Freestanding dishwasher 13 place settings Silver color,USD429.00,USD429.00
2025-04-06 22:22:00,TRENDING,Babyliss W2447E - Deep waves,USD99.00,USD99.00
2025-04-06 22:22:00,ON SALE,"Haier AS12PB3HRA Air conditioner 12,000 BTU INVERTER heat and cool smart",USD444.00,USD515.00
2025-04-06 22:22:00,ON SALE,Sensus AC-205 Air Cooler,USD159.00,USD159.00
2025-04-06 22:22:00,ON SALE,Ufesa AF5600 Air Fryer 5 Liters,USD119.00,USD178.00
2025-04-07 03:08:39,SPECIAL OFFERS!,Fitbit Sense 2 Smart Watch & Fitness Activity Tracker,USD249.00,USD300.00
2025-04-07 03:08:39,SPECIAL OFFERS!,Apple IPAD 9 Black 64GB,USD255.00,USD299.00
2025-04-07 03:08:39,SPECIAL OFFERS!,Beurer BF183 Limited Edition Diagnostic Bathroom Scale,USD34.00,USD34.00
2025-04-07 03:08:39,SPECIAL OFFERS!,Bergner BG-50054-CP Hand Blender 800W 2 Speeds,USD33.00,USD45.00
2025-04-07 03:08:39,SPECIAL OFFERS!,Fresh G90BL Gas Oven 90cm,USD295.00,USD395.00
2025-04-07 03:08:39,SPECIAL OFFERS!,"Ariston | NS 723U EX Washing Machine 7 KG, 1200 RPM, White",USD399.00,USD500.00
2025-04-07 03:08:39,SPECIAL OFFERS!,Sensus Bundle | Hob 70 CM+ Oven 60 CM + Hood 60 CM,USD490.00,USD930.00
2025-04-07 03:08:39,NEW ARRIVALS!,KitchenAid KMQFX33910 Combi Microwave Oven 33 Litres,USD850.00,USD905.00
2025-04-07 03:08:39,NEW ARRIVALS!,Jura ENA 8 Metropolitan Black Coffee Machine,"USD1,921.00","USD1,921.00"
2025-04-07 03:08:39,NEW ARRIVALS!,Philips HR1916 Juice Extractor 900W,USD169.00,USD169.00
2025-04-07 03:08:39,NEW ARRIVALS!,Ufesa Mystic Topaz Cup Blender,USD200.00,USD200.00
2025-04-07 03:08:39,NEW ARRIVALS!,Bialetti 0005356 Moka Express Dolce& Gabbana | Mediterrean blue “Exclusively at Beytech”,USD169.00,USD169.00
2025-04-07 03:08:39,NEW ARRIVALS!,Moulinex BY550D10 Kettle Subito 1.7L Stainless steel,USD53.00,USD53.00
2025-04-07 03:08:39,NEW ARRIVALS!,Beurer MG79 Limited Edition Massage Gun,USD70.00,USD70.00
2025-04-07 03:08:39,BEST SELLERS!,"Frigidaire FD5110 TG Mini Chopper, 300ml Teal 300W",USD43.00,USD43.00
2025-04-07 03:08:39,BEST SELLERS!,Vivino WC-18 Thermoelectric Wine Cooler 18 Bottles,USD340.00,USD340.00
2025-04-07 03:08:39,BEST SELLERS!,Bialetti 0002762/Np Moka Alpina 3 Cups,USD43.00,USD43.00
2025-04-07 03:08:39,BEST SELLERS!,Segway Ninebot KickScooter MAX G2 E,USD999.00,USD999.00
2025-04-07 03:08:39,BEST SELLERS!,Ufesa BE0908 Bathroom Scale 29×28 cm,USD28.00,USD28.00
2025-04-07 03:08:39,BEST SELLERS!,Beurer BM27 Upper arm blood pressure monitor,USD40.00,USD40.00
2025-04-07 03:08:39,BEST SELLERS!,BaByliss 9436E Double Sided Makeup Mirror with 1x and 10x,USD110.00,USD110.00
2025-04-07 03:08:39,VARIETY APPLIANCES,Big Chef GC655 Gas Cooker 60×55 CM,USD159.00,USD230.00
2025-04-07 03:08:39,VARIETY APPLIANCES,Fresh O60FGB Built-in Gas Oven 60 cm,USD215.00,USD295.00
2025-04-07 03:08:39,VARIETY APPLIANCES,Haier AFD-631CB Bottom Mount Refrigerator Black 307L,USD799.00,"USD1,085.00"
2025-04-07 03:08:39,VARIETY APPLIANCES,KitchenAid KHWD1 38510 Induction Wok Hob 38cm Black,"USD2,970.00","USD3,920.00"
2025-04-07 03:08:39,VARIETY APPLIANCES,Acer Aspire 3 (A315-510P-35ZJ) laptop,USD349.00,USD399.00
2025-04-07 03:08:39,VARIETY APPLIANCES,Biolos YSDH-10 Hand Dryer White,USD777.00,USD899.00
2025-04-07 03:08:39,SMALL APPLIANCES,Twistshake Tableware Bundle for Girls,USD50.00,USD100.00
2025-04-07 03:08:39,SMALL APPLIANCES,Babyliss ST325E Ultra Slim Hair Straightener 22Mm,USD50.00,USD50.00
2025-04-07 03:08:39,SMALL APPLIANCES,MasterPro by Alessi BGMP-2212 Frypan 24X4.5Cm S/S Bones By Alessi,USD79.00,USD79.00
2025-04-07 03:08:39,SMALL APPLIANCES,"Bialetti 2022059 Espresso Cups, Set of 6 “Exclusively at Beytech”",USD45.00,USD45.00
2025-04-07 03:08:39,SMALL APPLIANCES,Bergner BG-20251-RD Set 3Pcs Food Container,USD25.00,USD25.00
2025-04-07 03:08:39,SMALL APPLIANCES,Princess 492943 Kitchen Scale,USD27.00,USD27.00
2025-04-07 03:08:39,SMALL APPLIANCES,Princess 163001 Saj Maker,USD89.00,USD89.00
2025-04-07 03:08:39,LATEST,Masterpro BGMP-2145 Set 6Pc Cookware Stainless Steel Ind Smart,USD123.00,USD123.00
2025-04-07 03:08:39,LATEST,Bialetti 0005327 Moka Express Dolce&Gabbana 'Exclusively at Beytech',USD100.00,USD100.00
2025-04-07 03:08:39,LATEST,Bergner BG-3210 Kitchen Tongs 30.5Cm Ss + Black Silicon,USD9.00,USD9.00
2025-04-07 03:08:39,LATEST,San Ignacio Bgeu-1594 Rectangular Baking Dish 39X25X7Cm 3.8L,USD22.00,USD22.00
2025-04-07 03:08:39,TRENDING,Beurer BF600 Diagnostic Scale,USD60.00,USD60.00
2025-04-07 03:08:39,TRENDING,Haier HDWE1338CS1IQ Freestanding dishwasher 13 place settings Silver color,USD429.00,USD429.00
2025-04-07 03:08:39,TRENDING,Babyliss W2447E - Deep waves,USD99.00,USD99.00
2025-04-07 03:08:39,ON SALE,"Haier AS12PB3HRA Air conditioner 12,000 BTU INVERTER heat and cool smart",USD444.00,USD515.00
2025-04-07 03:08:39,ON SALE,Sensus AC-205 Air Cooler,USD159.00,USD159.00
2025-04-07 03:08:39,ON SALE,Ufesa AF5600 Air Fryer 5 Liters,USD119.00,USD178.00
2025-04-07 04:28:41,SPECIAL OFFERS!,Fitbit Sense 2 Smart Watch & Fitness Activity Tracker,USD249.00,USD300.00
2025-04-07 04:28:41,SPECIAL OFFERS!,Apple IPAD 9 Black 64GB,USD255.00,USD299.00
2025-04-07 04:28:41,SPECIAL OFFERS!,Beurer BF183 Limited Edition Diagnostic Bathroom Scale,USD34.00,USD34.00
2025-04-07 04:28:41,SPECIAL OFFERS!,Bergner BG-50054-CP Hand Blender 800W 2 Speeds,USD33.00,USD45.00
2025-04-07 04:28:41,SPECIAL OFFERS!,Fresh G90BL Gas Oven 90cm,USD295.00,USD395.00
2025-04-07 04:28:41,SPECIAL OFFERS!,"Ariston | NS 723U EX Washing Machine 7 KG, 1200 RPM, White",USD399.00,USD500.00
2025-04-07 04:28:41,SPECIAL OFFERS!,Sensus Bundle | Hob 70 CM+ Oven 60 CM + Hood 60 CM,USD490.00,USD930.00
2025-04-07 04:28:41,NEW ARRIVALS!,KitchenAid KMQFX33910 Combi Microwave Oven 33 Litres,USD850.00,USD905.00
2025-04-07 04:28:41,NEW ARRIVALS!,Jura ENA 8 Metropolitan Black Coffee Machine,"USD1,921.00","USD1,921.00"
2025-04-07 04:28:41,NEW ARRIVALS!,Philips HR1916 Juice Extractor 900W,USD169.00,USD169.00
2025-04-07 04:28:41,NEW ARRIVALS!,Ufesa Mystic Topaz Cup Blender,USD200.00,USD200.00
2025-04-07 04:28:41,NEW ARRIVALS!,Bialetti 0005356 Moka Express Dolce& Gabbana | Mediterrean blue “Exclusively at Beytech”,USD169.00,USD169.00
2025-04-07 04:28:41,NEW ARRIVALS!,Moulinex BY550D10 Kettle Subito 1.7L Stainless steel,USD53.00,USD53.00
2025-04-07 04:28:41,NEW ARRIVALS!,Beurer MG79 Limited Edition Massage Gun,USD70.00,USD70.00
2025-04-07 04:28:41,BEST SELLERS!,"Frigidaire FD5110 TG Mini Chopper, 300ml Teal 300W",USD43.00,USD43.00
2025-04-07 04:28:41,BEST SELLERS!,Vivino WC-18 Thermoelectric Wine Cooler 18 Bottles,USD340.00,USD340.00
2025-04-07 04:28:41,BEST SELLERS!,Bialetti 0002762/Np Moka Alpina 3 Cups,USD43.00,USD43.00
2025-04-07 04:28:41,BEST SELLERS!,Segway Ninebot KickScooter MAX G2 E,USD999.00,USD999.00
2025-04-07 04:28:41,BEST SELLERS!,Ufesa BE0908 Bathroom Scale 29×28 cm,USD28.00,USD28.00
2025-04-07 04:28:41,BEST SELLERS!,Beurer BM27 Upper arm blood pressure monitor,USD40.00,USD40.00
2025-04-07 04:28:41,BEST SELLERS!,BaByliss 9436E Double Sided Makeup Mirror with 1x and 10x,USD110.00,USD110.00
2025-04-07 04:28:41,VARIETY APPLIANCES,Big Chef GC655 Gas Cooker 60×55 CM,USD159.00,USD230.00
2025-04-07 04:28:41,VARIETY APPLIANCES,Fresh O60FGB Built-in Gas Oven 60 cm,USD215.00,USD295.00
2025-04-07 04:28:41,VARIETY APPLIANCES,Haier AFD-631CB Bottom Mount Refrigerator Black 307L,USD799.00,"USD1,085.00"
2025-04-07 04:28:41,VARIETY APPLIANCES,KitchenAid KHWD1 38510 Induction Wok Hob 38cm Black,"USD2,970.00","USD3,920.00"
2025-04-07 04:28:41,VARIETY APPLIANCES,Acer Aspire 3 (A315-510P-35ZJ) laptop,USD349.00,USD399.00
2025-04-07 04:28:41,VARIETY APPLIANCES,Biolos YSDH-10 Hand Dryer White,USD777.00,USD899.00
2025-04-07 04:28:41,SMALL APPLIANCES,Twistshake Tableware Bundle for Girls,USD50.00,USD100.00
2025-04-07 04:28:41,SMALL APPLIANCES,Babyliss ST325E Ultra Slim Hair Straightener 22Mm,USD50.00,USD50.00
2025-04-07 04:28:41,SMALL APPLIANCES,MasterPro by Alessi BGMP-2212 Frypan 24X4.5Cm S/S Bones By Alessi,USD79.00,USD79.00
2025-04-07 04:28:41,SMALL APPLIANCES,"Bialetti 2022059 Espresso Cups, Set of 6 “Exclusively at Beytech”",USD45.00,USD45.00
2025-04-07 04:28:41,SMALL APPLIANCES,Bergner BG-20251-RD Set 3Pcs Food Container,USD25.00,USD25.00
2025-04-07 04:28:41,SMALL APPLIANCES,Princess 492943 Kitchen Scale,USD27.00,USD27.00
2025-04-07 04:28:41,SMALL APPLIANCES,Princess 163001 Saj Maker,USD89.00,USD89.00
2025-04-07 04:28:41,LATEST,Masterpro BGMP-2145 Set 6Pc Cookware Stainless Steel Ind Smart,USD123.00,USD123.00
2025-04-07 04:28:41,LATEST,Bialetti 0005327 Moka Express Dolce&Gabbana 'Exclusively at Beytech',USD100.00,USD100.00
2025-04-07 04:28:41,LATEST,Bergner BG-3210 Kitchen Tongs 30.5Cm Ss + Black Silicon,USD9.00,USD9.00
2025-04-07 04:28:41,LATEST,San Ignacio Bgeu-1594 Rectangular Baking Dish 39X25X7Cm 3.8L,USD22.00,USD22.00
2025-04-07 04:28:41,TRENDING,Beurer BF600 Diagnostic Scale,USD60.00,USD60.00
2025-04-07 04:28:41,TRENDING,Haier HDWE1338CS1IQ Freestanding dishwasher 13 place settings Silver color,USD429.00,USD429.00
2025-04-07 04:28:41,TRENDING,Babyliss W2447E - Deep waves,USD99.00,USD99.00
2025-04-07 04:28:41,ON SALE,"Haier AS12PB3HRA Air conditioner 12,000 BTU INVERTER heat and cool smart",USD444.00,USD515.00
2025-04-07 04:28:41,ON SALE,Sensus AC-205 Air Cooler,USD159.00,USD159.00
2025-04-07 04:28:41,ON SALE,Ufesa AF5600 Air Fryer 5 Liters,USD119.00,USD178.00
2025-04-07 09:27:28,SPECIAL OFFERS!,Fitbit Sense 2 Smart Watch & Fitness Activity Tracker,USD249.00,USD300.00
2025-04-07 09:27:28,SPECIAL OFFERS!,Apple IPAD 9 Black 64GB,USD255.00,USD299.00
2025-04-07 09:27:28,SPECIAL OFFERS!,Beurer BF183 Limited Edition Diagnostic Bathroom Scale,USD34.00,USD34.00
2025-04-07 09:27:28,SPECIAL OFFERS!,Bergner BG-50054-CP Hand Blender 800W 2 Speeds,USD33.00,USD45.00
2025-04-07 09:27:28,SPECIAL OFFERS!,Fresh G90BL Gas Oven 90cm,USD295.00,USD395.00
2025-04-07 09:27:28,SPECIAL OFFERS!,"Ariston | NS 723U EX Washing Machine 7 KG, 1200 RPM, White",USD399.00,USD500.00
2025-04-07 09:27:28,SPECIAL OFFERS!,Sensus Bundle | Hob 70 CM+ Oven 60 CM + Hood 60 CM,USD490.00,USD930.00
2025-04-07 09:27:28,NEW ARRIVALS!,KitchenAid KMQFX33910 Combi Microwave Oven 33 Litres,USD850.00,USD905.00
2025-04-07 09:27:28,NEW ARRIVALS!,Jura ENA 8 Metropolitan Black Coffee Machine,"USD1,921.00","USD1,921.00"
2025-04-07 09:27:28,NEW ARRIVALS!,Philips HR1916 Juice Extractor 900W,USD169.00,USD169.00
2025-04-07 09:27:28,NEW ARRIVALS!,Ufesa Mystic Topaz Cup Blender,USD200.00,USD200.00
2025-04-07 09:27:28,NEW ARRIVALS!,Bialetti 0005356 Moka Express Dolce& Gabbana | Mediterrean blue “Exclusively at Beytech”,USD169.00,USD169.00
2025-04-07 09:27:28,NEW ARRIVALS!,Moulinex BY550D10 Kettle Subito 1.7L Stainless steel,USD53.00,USD53.00
2025-04-07 09:27:28,NEW ARRIVALS!,Beurer MG79 Limited Edition Massage Gun,USD70.00,USD70.00
2025-04-07 09:27:28,BEST SELLERS!,"Frigidaire FD5110 TG Mini Chopper, 300ml Teal 300W",USD43.00,USD43.00
2025-04-07 09:27:28,BEST SELLERS!,Vivino WC-18 Thermoelectric Wine Cooler 18 Bottles,USD340.00,USD340.00
2025-04-07 09:27:28,BEST SELLERS!,Bialetti 0002762/Np Moka Alpina 3 Cups,USD43.00,USD43.00
2025-04-07 09:27:28,BEST SELLERS!,Segway Ninebot KickScooter MAX G2 E,USD999.00,USD999.00
2025-04-07 09:27:28,BEST SELLERS!,Ufesa BE0908 Bathroom Scale 29×28 cm,USD28.00,USD28.00
2025-04-07 09:27:28,BEST SELLERS!,Beurer BM27 Upper arm blood pressure monitor,USD40.00,USD40.00
2025-04-07 09:27:28,BEST SELLERS!,BaByliss 9436E Double Sided Makeup Mirror with 1x and 10x,USD110.00,USD110.00
2025-04-07 09:27:28,VARIETY APPLIANCES,Big Chef GC655 Gas Cooker 60×55 CM,USD159.00,USD230.00
2025-04-07 09:27:28,VARIETY APPLIANCES,Fresh O60FGB Built-in Gas Oven 60 cm,USD215.00,USD295.00
2025-04-07 09:27:28,VARIETY APPLIANCES,Haier AFD-631CB Bottom Mount Refrigerator Black 307L,USD799.00,"USD1,085.00"
2025-04-07 09:27:28,VARIETY APPLIANCES,KitchenAid KHWD1 38510 Induction Wok Hob 38cm Black,"USD2,970.00","USD3,920.00"
2025-04-07 09:27:28,VARIETY APPLIANCES,Acer Aspire 3 (A315-510P-35ZJ) laptop,USD349.00,USD399.00
2025-04-07 09:27:28,VARIETY APPLIANCES,Biolos YSDH-10 Hand Dryer White,USD777.00,USD899.00
2025-04-07 09:27:28,SMALL APPLIANCES,Twistshake Tableware Bundle for Girls,USD50.00,USD100.00
2025-04-07 09:27:28,SMALL APPLIANCES,Babyliss ST325E Ultra Slim Hair Straightener 22Mm,USD50.00,USD50.00
2025-04-07 09:27:28,SMALL APPLIANCES,MasterPro by Alessi BGMP-2212 Frypan 24X4.5Cm S/S Bones By Alessi,USD79.00,USD79.00
2025-04-07 09:27:28,SMALL APPLIANCES,"Bialetti 2022059 Espresso Cups, Set of 6 “Exclusively at Beytech”",USD45.00,USD45.00
2025-04-07 09:27:28,SMALL APPLIANCES,Bergner BG-20251-RD Set 3Pcs Food Container,USD25.00,USD25.00
2025-04-07 09:27:28,SMALL APPLIANCES,Princess 492943 Kitchen Scale,USD27.00,USD27.00
2025-04-07 09:27:28,SMALL APPLIANCES,Princess 163001 Saj Maker,USD89.00,USD89.00
2025-04-07 09:27:28,LATEST,Masterpro BGMP-2145 Set 6Pc Cookware Stainless Steel Ind Smart,USD123.00,USD123.00
2025-04-07 09:27:28,LATEST,Bialetti 0005327 Moka Express Dolce&Gabbana 'Exclusively at Beytech',USD100.00,USD100.00
2025-04-07 09:27:28,LATEST,Bergner BG-3210 Kitchen Tongs 30.5Cm Ss + Black Silicon,USD9.00,USD9.00
2025-04-07 09:27:28,LATEST,San Ignacio Bgeu-1594 Rectangular Baking Dish 39X25X7Cm 3.8L,USD22.00,USD22.00
2025-04-07 09:27:28,TRENDING,Beurer BF600 Diagnostic Scale,USD60.00,USD60.00
2025-04-07 09:27:28,TRENDING,Haier HDWE1338CS1IQ Freestanding dishwasher 13 place settings Silver color,USD429.00,USD429.00
2025-04-07 09:27:28,TRENDING,Babyliss W2447E - Deep waves,USD99.00,USD99.00
2025-04-07 09:27:28,ON SALE,"Haier AS12PB3HRA Air conditioner 12,000 BTU INVERTER heat and cool smart",USD444.00,USD515.00
2025-04-07 09:27:28,ON SALE,Sensus AC-205 Air Cooler,USD159.00,USD159.00
2025-04-07 09:27:28,ON SALE,Ufesa AF5600 Air Fryer 5 Liters,USD119.00,USD178.00
2025-04-07 10:28:24,SPECIAL OFFERS!,Fitbit Sense 2 Smart Watch & Fitness Activity Tracker,USD249.00,USD300.00
2025-04-07 10:28:24,SPECIAL OFFERS!,Apple IPAD 9 Black 64GB,USD255.00,USD299.00
2025-04-07 10:28:24,SPECIAL OFFERS!,Beurer BF183 Limited Edition Diagnostic Bathroom Scale,USD34.00,USD34.00
2025-04-07 10:28:24,SPECIAL OFFERS!,Bergner BG-50054-CP Hand Blender 800W 2 Speeds,USD33.00,USD45.00
2025-04-07 10:28:24,SPECIAL OFFERS!,Fresh G90BL Gas Oven 90cm,USD295.00,USD395.00
2025-04-07 10:28:24,SPECIAL OFFERS!,"Ariston | NS 723U EX Washing Machine 7 KG, 1200 RPM, White",USD399.00,USD500.00
2025-04-07 10:28:24,SPECIAL OFFERS!,Sensus Bundle | Hob 70 CM+ Oven 60 CM + Hood 60 CM,USD490.00,USD930.00
2025-04-07 10:28:24,NEW ARRIVALS!,KitchenAid KMQFX33910 Combi Microwave Oven 33 Litres,USD850.00,USD905.00
2025-04-07 10:28:24,NEW ARRIVALS!,Jura ENA 8 Metropolitan Black Coffee Machine,"USD1,921.00","USD1,921.00"
2025-04-07 10:28:24,NEW ARRIVALS!,Philips HR1916 Juice Extractor 900W,USD169.00,USD169.00
2025-04-07 10:28:24,NEW ARRIVALS!,Ufesa Mystic Topaz Cup Blender,USD200.00,USD200.00
2025-04-07 10:28:24,NEW ARRIVALS!,Bialetti 0005356 Moka Express Dolce& Gabbana | Mediterrean blue “Exclusively at Beytech”,USD169.00,USD169.00
2025-04-07 10:28:24,NEW ARRIVALS!,Moulinex BY550D10 Kettle Subito 1.7L Stainless steel,USD53.00,USD53.00
2025-04-07 10:28:24,NEW ARRIVALS!,Beurer MG79 Limited Edition Massage Gun,USD70.00,USD70.00
2025-04-07 10:28:24,BEST SELLERS!,"Frigidaire FD5110 TG Mini Chopper, 300ml Teal 300W",USD43.00,USD43.00
2025-04-07 10:28:24,BEST SELLERS!,Vivino WC-18 Thermoelectric Wine Cooler 18 Bottles,USD340.00,USD340.00
2025-04-07 10:28:24,BEST SELLERS!,Bialetti 0002762/Np Moka Alpina 3 Cups,USD43.00,USD43.00
2025-04-07 10:28:24,BEST SELLERS!,Segway Ninebot KickScooter MAX G2 E,USD999.00,USD999.00
2025-04-07 10:28:24,BEST SELLERS!,Ufesa BE0908 Bathroom Scale 29×28 cm,USD28.00,USD28.00
2025-04-07 10:28:24,BEST SELLERS!,Beurer BM27 Upper arm blood pressure monitor,USD40.00,USD40.00
2025-04-07 10:28:24,BEST SELLERS!,BaByliss 9436E Double Sided Makeup Mirror with 1x and 10x,USD110.00,USD110.00
2025-04-07 10:28:24,VARIETY APPLIANCES,Big Chef GC655 Gas Cooker 60×55 CM,USD159.00,USD230.00
2025-04-07 10:28:24,VARIETY APPLIANCES,Fresh O60FGB Built-in Gas Oven 60 cm,USD215.00,USD295.00
2025-04-07 10:28:24,VARIETY APPLIANCES,Haier AFD-631CB Bottom Mount Refrigerator Black 307L,USD799.00,"USD1,085.00"
2025-04-07 10:28:24,VARIETY APPLIANCES,KitchenAid KHWD1 38510 Induction Wok Hob 38cm Black,"USD2,970.00","USD3,920.00"
2025-04-07 10:28:24,VARIETY APPLIANCES,Acer Aspire 3 (A315-510P-35ZJ) laptop,USD349.00,USD399.00
2025-04-07 10:28:24,VARIETY APPLIANCES,Biolos YSDH-10 Hand Dryer White,USD777.00,USD899.00
2025-04-07 10:28:24,SMALL APPLIANCES,Twistshake Tableware Bundle for Girls,USD50.00,USD100.00
2025-04-07 10:28:24,SMALL APPLIANCES,Babyliss ST325E Ultra Slim Hair Straightener 22Mm,USD50.00,USD50.00
2025-04-07 10:28:24,SMALL APPLIANCES,MasterPro by Alessi BGMP-2212 Frypan 24X4.5Cm S/S Bones By Alessi,USD79.00,USD79.00
2025-04-07 10:28:24,SMALL APPLIANCES,"Bialetti 2022059 Espresso Cups, Set of 6 “Exclusively at Beytech”",USD45.00,USD45.00
2025-04-07 10:28:24,SMALL APPLIANCES,Bergner BG-20251-RD Set 3Pcs Food Container,USD25.00,USD25.00
2025-04-07 10:28:24,SMALL APPLIANCES,Princess 492943 Kitchen Scale,USD27.00,USD27.00
2025-04-07 10:28:24,SMALL APPLIANCES,Princess 163001 Saj Maker,USD89.00,USD89.00
2025-04-07 10:28:24,LATEST,Masterpro BGMP-2145 Set 6Pc Cookware Stainless Steel Ind Smart,USD123.00,USD123.00
2025-04-07 10:28:24,LATEST,Bialetti 0005327 Moka Express Dolce&Gabbana 'Exclusively at Beytech',USD100.00,USD100.00
2025-04-07 10:28:24,LATEST,Bergner BG-3210 Kitchen Tongs 30.5Cm Ss + Black Silicon,USD9.00,USD9.00
2025-04-07 10:28:24,LATEST,San Ignacio Bgeu-1594 Rectangular Baking Dish 39X25X7Cm 3.8L,USD22.00,USD22.00
2025-04-07 10:28:24,TRENDING,Beurer BF600 Diagnostic Scale,USD60.00,USD60.00
2025-04-07 10:28:24,TRENDING,Haier HDWE1338CS1IQ Freestanding dishwasher 13 place settings Silver color,USD429.00,USD429.00
2025-04-07 10:28:24,TRENDING,Babyliss W2447E - Deep waves,USD99.00,USD99.00
2025-04-07 10:28:24,ON SALE,"Haier AS12PB3HRA Air conditioner 12,000 BTU INVERTER heat and cool smart",USD444.00,USD515.00
2025-04-07 10:28:24,ON SALE,Sensus AC-205 Air Cooler,USD159.00,USD159.00
2025-04-07 10:28:24,ON SALE,Ufesa AF5600 Air Fryer 5 Liters,USD119.00,USD178.00
2025-04-07 12:51:20,SPECIAL OFFERS!,Fitbit Sense 2 Smart Watch & Fitness Activity Tracker,USD249.00,USD300.00
2025-04-07 12:51:20,SPECIAL OFFERS!,Apple IPAD 9 Black 64GB,USD255.00,USD299.00
2025-04-07 12:51:20,SPECIAL OFFERS!,Beurer BF183 Limited Edition Diagnostic Bathroom Scale,USD34.00,USD34.00
2025-04-07 12:51:20,SPECIAL OFFERS!,Bergner BG-50054-CP Hand Blender 800W 2 Speeds,USD33.00,USD45.00
2025-04-07 12:51:20,SPECIAL OFFERS!,Fresh G90BL Gas Oven 90cm,USD295.00,USD395.00
2025-04-07 12:51:20,SPECIAL OFFERS!,"Ariston | NS 723U EX Washing Machine 7 KG, 1200 RPM, White",USD399.00,USD500.00
2025-04-07 12:51:20,SPECIAL OFFERS!,Sensus Bundle | Hob 70 CM+ Oven 60 CM + Hood 60 CM,USD490.00,USD930.00
2025-04-07 12:51:20,NEW ARRIVALS!,KitchenAid KMQFX33910 Combi Microwave Oven 33 Litres,USD850.00,USD905.00
2025-04-07 12:51:20,NEW ARRIVALS!,Jura ENA 8 Metropolitan Black Coffee Machine,"USD1,921.00","USD1,921.00"
2025-04-07 12:51:20,NEW ARRIVALS!,Philips HR1916 Juice Extractor 900W,USD169.00,USD169.00
2025-04-07 12:51:20,NEW ARRIVALS!,Ufesa Mystic Topaz Cup Blender,USD200.00,USD200.00
2025-04-07 12:51:20,NEW ARRIVALS!,Bialetti 0005356 Moka Express Dolce& Gabbana | Mediterrean blue “Exclusively at Beytech”,USD169.00,USD169.00
2025-04-07 12:51:20,NEW ARRIVALS!,Moulinex BY550D10 Kettle Subito 1.7L Stainless steel,USD53.00,USD53.00
2025-04-07 12:51:20,NEW ARRIVALS!,Beurer MG79 Limited Edition Massage Gun,USD70.00,USD70.00
2025-04-07 12:51:20,BEST SELLERS!,"Frigidaire FD5110 TG Mini Chopper, 300ml Teal 300W",USD43.00,USD43.00
2025-04-07 12:51:20,BEST SELLERS!,Vivino WC-18 Thermoelectric Wine Cooler 18 Bottles,USD340.00,USD340.00
2025-04-07 12:51:20,BEST SELLERS!,Bialetti 0002762/Np Moka Alpina 3 Cups,USD43.00,USD43.00
2025-04-07 12:51:20,BEST SELLERS!,Segway Ninebot KickScooter MAX G2 E,USD999.00,USD999.00
2025-04-07 12:51:20,BEST SELLERS!,Ufesa BE0908 Bathroom Scale 29×28 cm,USD28.00,USD28.00
2025-04-07 12:51:20,BEST SELLERS!,Beurer BM27 Upper arm blood pressure monitor,USD40.00,USD40.00
2025-04-07 12:51:20,BEST SELLERS!,BaByliss 9436E Double Sided Makeup Mirror with 1x and 10x,USD110.00,USD110.00
2025-04-07 12:51:20,VARIETY APPLIANCES,Big Chef GC655 Gas Cooker 60×55 CM,USD159.00,USD230.00
2025-04-07 12:51:20,VARIETY APPLIANCES,Fresh O60FGB Built-in Gas Oven 60 cm,USD215.00,USD295.00
2025-04-07 12:51:20,VARIETY APPLIANCES,Haier AFD-631CB Bottom Mount Refrigerator Black 307L,USD799.00,"USD1,085.00"
2025-04-07 12:51:20,VARIETY APPLIANCES,KitchenAid KHWD1 38510 Induction Wok Hob 38cm Black,"USD2,970.00","USD3,920.00"
2025-04-07 12:51:20,VARIETY APPLIANCES,Acer Aspire 3 (A315-510P-35ZJ) laptop,USD349.00,USD399.00
2025-04-07 12:51:20,VARIETY APPLIANCES,Biolos YSDH-10 Hand Dryer White,USD777.00,USD899.00
2025-04-07 12:51:20,SMALL APPLIANCES,Twistshake Tableware Bundle for Girls,USD50.00,USD100.00
2025-04-07 12:51:20,SMALL APPLIANCES,Babyliss ST325E Ultra Slim Hair Straightener 22Mm,USD50.00,USD50.00
2025-04-07 12:51:20,SMALL APPLIANCES,MasterPro by Alessi BGMP-2212 Frypan 24X4.5Cm S/S Bones By Alessi,USD79.00,USD79.00
2025-04-07 12:51:20,SMALL APPLIANCES,"Bialetti 2022059 Espresso Cups, Set of 6 “Exclusively at Beytech”",USD45.00,USD45.00
2025-04-07 12:51:20,SMALL APPLIANCES,Bergner BG-20251-RD Set 3Pcs Food Container,USD25.00,USD25.00
2025-04-07 12:51:20,SMALL APPLIANCES,Princess 492943 Kitchen Scale,USD27.00,USD27.00
2025-04-07 12:51:20,SMALL APPLIANCES,Princess 163001 Saj Maker,USD89.00,USD89.00
2025-04-07 12:51:20,LATEST,Masterpro BGMP-2145 Set 6Pc Cookware Stainless Steel Ind Smart,USD123.00,USD123.00
2025-04-07 12:51:20,LATEST,Bialetti 0005327 Moka Express Dolce&Gabbana 'Exclusively at Beytech',USD100.00,USD100.00
2025-04-07 12:51:20,LATEST,Bergner BG-3210 Kitchen Tongs 30.5Cm Ss + Black Silicon,USD9.00,USD9.00
2025-04-07 12:51:20,LATEST,San Ignacio Bgeu-1594 Rectangular Baking Dish 39X25X7Cm 3.8L,USD22.00,USD22.00
2025-04-07 12:51:20,TRENDING,Beurer BF600 Diagnostic Scale,USD60.00,USD60.00
2025-04-07 12:51:20,TRENDING,Haier HDWE1338CS1IQ Freestanding dishwasher 13 place settings Silver color,USD429.00,USD429.00
2025-04-07 12:51:20,TRENDING,Babyliss W2447E - Deep waves,USD99.00,USD99.00
2025-04-07 12:51:20,ON SALE,"Haier AS12PB3HRA Air conditioner 12,000 BTU INVERTER heat and cool smart",USD444.00,USD515.00
2025-04-07 12:51:20,ON SALE,Sensus AC-205 Air Cooler,USD159.00,USD159.00
2025-04-07 12:51:20,ON SALE,Ufesa AF5600 Air Fryer 5 Liters,USD119.00,USD178.00
2025-04-07 14:25:59,SPECIAL OFFERS!,Fitbit Sense 2 Smart Watch & Fitness Activity Tracker,USD249.00,USD300.00
2025-04-07 14:25:59,SPECIAL OFFERS!,Apple IPAD 9 Black 64GB,USD255.00,USD299.00
2025-04-07 14:25:59,SPECIAL OFFERS!,Beurer BF183 Limited Edition Diagnostic Bathroom Scale,USD34.00,USD34.00
2025-04-07 14:25:59,SPECIAL OFFERS!,Bergner BG-50054-CP Hand Blender 800W 2 Speeds,USD33.00,USD45.00
2025-04-07 14:25:59,SPECIAL OFFERS!,Fresh G90BL Gas Oven 90cm,USD295.00,USD395.00
2025-04-07 14:25:59,SPECIAL OFFERS!,"Ariston | NS 723U EX Washing Machine 7 KG, 1200 RPM, White",USD399.00,USD500.00
2025-04-07 14:25:59,SPECIAL OFFERS!,Sensus Bundle | Hob 70 CM+ Oven 60 CM + Hood 60 CM,USD490.00,USD930.00
2025-04-07 14:25:59,NEW ARRIVALS!,KitchenAid KMQFX33910 Combi Microwave Oven 33 Litres,USD850.00,USD905.00
2025-04-07 14:25:59,NEW ARRIVALS!,Jura ENA 8 Metropolitan Black Coffee Machine,"USD1,921.00","USD1,921.00"
2025-04-07 14:25:59,NEW ARRIVALS!,Philips HR1916 Juice Extractor 900W,USD169.00,USD169.00
2025-04-07 14:25:59,NEW ARRIVALS!,Ufesa Mystic Topaz Cup Blender,USD200.00,USD200.00
2025-04-07 14:25:59,NEW ARRIVALS!,Bialetti 0005356 Moka Express Dolce& Gabbana | Mediterrean blue “Exclusively at Beytech”,USD169.00,USD169.00
2025-04-07 14:25:59,NEW ARRIVALS!,Moulinex BY550D10 Kettle Subito 1.7L Stainless steel,USD53.00,USD53.00
2025-04-07 14:25:59,NEW ARRIVALS!,Beurer MG79 Limited Edition Massage Gun,USD70.00,USD70.00
2025-04-07 14:25:59,BEST SELLERS!,"Frigidaire FD5110 TG Mini Chopper, 300ml Teal 300W",USD43.00,USD43.00
2025-04-07 14:25:59,BEST SELLERS!,Vivino WC-18 Thermoelectric Wine Cooler 18 Bottles,USD340.00,USD340.00
2025-04-07 14:25:59,BEST SELLERS!,Bialetti 0002762/Np Moka Alpina 3 Cups,USD43.00,USD43.00
2025-04-07 14:25:59,BEST SELLERS!,Segway Ninebot KickScooter MAX G2 E,USD999.00,USD999.00
2025-04-07 14:25:59,BEST SELLERS!,Ufesa BE0908 Bathroom Scale 29×28 cm,USD28.00,USD28.00
2025-04-07 14:25:59,BEST SELLERS!,Beurer BM27 Upper arm blood pressure monitor,USD40.00,USD40.00
2025-04-07 14:25:59,BEST SELLERS!,BaByliss 9436E Double Sided Makeup Mirror with 1x and 10x,USD110.00,USD110.00
2025-04-07 14:25:59,VARIETY APPLIANCES,Big Chef GC655 Gas Cooker 60×55 CM,USD159.00,USD230.00
2025-04-07 14:25:59,VARIETY APPLIANCES,Fresh O60FGB Built-in Gas Oven 60 cm,USD215.00,USD295.00
2025-04-07 14:25:59,VARIETY APPLIANCES,Haier AFD-631CB Bottom Mount Refrigerator Black 307L,USD799.00,"USD1,085.00"
2025-04-07 14:25:59,VARIETY APPLIANCES,KitchenAid KHWD1 38510 Induction Wok Hob 38cm Black,"USD2,970.00","USD3,920.00"
2025-04-07 14:25:59,VARIETY APPLIANCES,Acer Aspire 3 (A315-510P-35ZJ) laptop,USD349.00,USD399.00
2025-04-07 14:25:59,VARIETY APPLIANCES,Biolos YSDH-10 Hand Dryer White,USD777.00,USD899.00
2025-04-07 14:25:59,SMALL APPLIANCES,Twistshake Tableware Bundle for Girls,USD50.00,USD100.00
2025-04-07 14:25:59,SMALL APPLIANCES,Babyliss ST325E Ultra Slim Hair Straightener 22Mm,USD50.00,USD50.00
2025-04-07 14:25:59,SMALL APPLIANCES,MasterPro by Alessi BGMP-2212 Frypan 24X4.5Cm S/S Bones By Alessi,USD79.00,USD79.00
2025-04-07 14:25:59,SMALL APPLIANCES,"Bialetti 2022059 Espresso Cups, Set of 6 “Exclusively at Beytech”",USD45.00,USD45.00
2025-04-07 14:25:59,SMALL APPLIANCES,Bergner BG-20251-RD Set 3Pcs Food Container,USD25.00,USD25.00
2025-04-07 14:25:59,SMALL APPLIANCES,Princess 492943 Kitchen Scale,USD27.00,USD27.00
2025-04-07 14:25:59,SMALL APPLIANCES,Princess 163001 Saj Maker,USD89.00,USD89.00
2025-04-07 14:25:59,LATEST,Masterpro BGMP-2145 Set 6Pc Cookware Stainless Steel Ind Smart,USD123.00,USD123.00
2025-04-07 14:25:59,LATEST,Bialetti 0005327 Moka Express Dolce&Gabbana 'Exclusively at Beytech',USD100.00,USD100.00
2025-04-07 14:25:59,LATEST,Bergner BG-3210 Kitchen Tongs 30.5Cm Ss + Black Silicon,USD9.00,USD9.00
2025-04-07 14:25:59,LATEST,San Ignacio Bgeu-1594 Rectangular Baking Dish 39X25X7Cm 3.8L,USD22.00,USD22.00
2025-04-07 14:25:59,TRENDING,Beurer BF600 Diagnostic Scale,USD60.00,USD60.00
2025-04-07 14:25:59,TRENDING,Haier HDWE1338CS1IQ Freestanding dishwasher 13 place settings Silver color,USD429.00,USD429.00
2025-04-07 14:25:59,TRENDING,Babyliss W2447E - Deep waves,USD99.00,USD99.00
2025-04-07 14:25:59,ON SALE,"Haier AS12PB3HRA Air conditioner 12,000 BTU INVERTER heat and cool smart",USD444.00,USD515.00
2025-04-07 14:25:59,ON SALE,Sensus AC-205 Air Cooler,USD159.00,USD159.00
2025-04-07 14:25:59,ON SALE,Ufesa AF5600 Air Fryer 5 Liters,USD119.00,USD178.00
2025-04-07 16:30:04,SPECIAL OFFERS!,Fitbit Sense 2 Smart Watch & Fitness Activity Tracker,USD249.00,USD300.00
2025-04-07 16:30:04,SPECIAL OFFERS!,Apple IPAD 9 Black 64GB,USD255.00,USD299.00
2025-04-07 16:30:04,SPECIAL OFFERS!,Beurer BF183 Limited Edition Diagnostic Bathroom Scale,USD34.00,USD34.00
2025-04-07 16:30:04,SPECIAL OFFERS!,Bergner BG-50054-CP Hand Blender 800W 2 Speeds,USD33.00,USD45.00
2025-04-07 16:30:04,SPECIAL OFFERS!,Fresh G90BL Gas Oven 90cm,USD295.00,USD395.00
2025-04-07 16:30:04,SPECIAL OFFERS!,"Ariston | NS 723U EX Washing Machine 7 KG, 1200 RPM, White",USD399.00,USD500.00
2025-04-07 16:30:04,SPECIAL OFFERS!,Sensus Bundle | Hob 70 CM+ Oven 60 CM + Hood 60 CM,USD490.00,USD930.00
2025-04-07 16:30:04,NEW ARRIVALS!,KitchenAid KMQFX33910 Combi Microwave Oven 33 Litres,USD850.00,USD905.00
2025-04-07 16:30:04,NEW ARRIVALS!,Jura ENA 8 Metropolitan Black Coffee Machine,"USD1,921.00","USD1,921.00"
2025-04-07 16:30:04,NEW ARRIVALS!,Philips HR1916 Juice Extractor 900W,USD169.00,USD169.00
2025-04-07 16:30:04,NEW ARRIVALS!,Ufesa Mystic Topaz Cup Blender,USD200.00,USD200.00
2025-04-07 16:30:04,NEW ARRIVALS!,Bialetti 0005356 Moka Express Dolce& Gabbana | Mediterrean blue “Exclusively at Beytech”,USD169.00,USD169.00
2025-04-07 16:30:04,NEW ARRIVALS!,Moulinex BY550D10 Kettle Subito 1.7L Stainless steel,USD53.00,USD53.00
2025-04-07 16:30:04,NEW ARRIVALS!,Beurer MG79 Limited Edition Massage Gun,USD70.00,USD70.00
2025-04-07 16:30:04,BEST SELLERS!,"Frigidaire FD5110 TG Mini Chopper, 300ml Teal 300W",USD43.00,USD43.00
2025-04-07 16:30:04,BEST SELLERS!,Vivino WC-18 Thermoelectric Wine Cooler 18 Bottles,USD340.00,USD340.00
2025-04-07 16:30:04,BEST SELLERS!,Bialetti 0002762/Np Moka Alpina 3 Cups,USD43.00,USD43.00
2025-04-07 16:30:04,BEST SELLERS!,Segway Ninebot KickScooter MAX G2 E,USD999.00,USD999.00
2025-04-07 16:30:04,BEST SELLERS!,Ufesa BE0908 Bathroom Scale 29×28 cm,USD28.00,USD28.00
2025-04-07 16:30:04,BEST SELLERS!,Beurer BM27 Upper arm blood pressure monitor,USD40.00,USD40.00
2025-04-07 16:30:04,BEST SELLERS!,BaByliss 9436E Double Sided Makeup Mirror with 1x and 10x,USD110.00,USD110.00
2025-04-07 16:30:04,VARIETY APPLIANCES,Big Chef GC655 Gas Cooker 60×55 CM,USD159.00,USD230.00
2025-04-07 16:30:04,VARIETY APPLIANCES,Fresh O60FGB Built-in Gas Oven 60 cm,USD215.00,USD295.00
2025-04-07 16:30:04,VARIETY APPLIANCES,Haier AFD-631CB Bottom Mount Refrigerator Black 307L,USD799.00,"USD1,085.00"
2025-04-07 16:30:04,VARIETY APPLIANCES,KitchenAid KHWD1 38510 Induction Wok Hob 38cm Black,"USD2,970.00","USD3,920.00"
2025-04-07 16:30:04,VARIETY APPLIANCES,Acer Aspire 3 (A315-510P-35ZJ) laptop,USD349.00,USD399.00
2025-04-07 16:30:04,VARIETY APPLIANCES,Biolos YSDH-10 Hand Dryer White,USD777.00,USD899.00
2025-04-07 16:30:04,SMALL APPLIANCES,Twistshake Tableware Bundle for Girls,USD50.00,USD100.00
2025-04-07 16:30:04,SMALL APPLIANCES,Babyliss ST325E Ultra Slim Hair Straightener 22Mm,USD50.00,USD50.00
2025-04-07 16:30:04,SMALL APPLIANCES,MasterPro by Alessi BGMP-2212 Frypan 24X4.5Cm S/S Bones By Alessi,USD79.00,USD79.00
2025-04-07 16:30:04,SMALL APPLIANCES,"Bialetti 2022059 Espresso Cups, Set of 6 “Exclusively at Beytech”",USD45.00,USD45.00
2025-04-07 16:30:04,SMALL APPLIANCES,Bergner BG-20251-RD Set 3Pcs Food Container,USD25.00,USD25.00
2025-04-07 16:30:04,SMALL APPLIANCES,Princess 492943 Kitchen Scale,USD27.00,USD27.00
2025-04-07 16:30:04,SMALL APPLIANCES,Princess 163001 Saj Maker,USD89.00,USD89.00
2025-04-07 16:30:04,LATEST,Masterpro BGMP-2145 Set 6Pc Cookware Stainless Steel Ind Smart,USD123.00,USD123.00
2025-04-07 16:30:04,LATEST,Bialetti 0005327 Moka Express Dolce&Gabbana 'Exclusively at Beytech',USD100.00,USD100.00
2025-04-07 16:30:04,LATEST,Bergner BG-3210 Kitchen Tongs 30.5Cm Ss + Black Silicon,USD9.00,USD9.00
2025-04-07 16:30:04,LATEST,San Ignacio Bgeu-1594 Rectangular Baking Dish 39X25X7Cm 3.8L,USD22.00,USD22.00
2025-04-07 16:30:04,TRENDING,Beurer BF600 Diagnostic Scale,USD60.00,USD60.00
2025-04-07 16:30:04,TRENDING,Haier HDWE1338CS1IQ Freestanding dishwasher 13 place settings Silver color,USD429.00,USD429.00
2025-04-07 16:30:04,TRENDING,Babyliss W2447E - Deep waves,USD99.00,USD99.00
2025-04-07 16:30:04,ON SALE,"Haier AS12PB3HRA Air conditioner 12,000 BTU INVERTER heat and cool smart",USD444.00,USD515.00
2025-04-07 16:30:04,ON SALE,Sensus AC-205 Air Cooler,USD159.00,USD159.00
2025-04-07 16:30:04,ON SALE,Ufesa AF5600 Air Fryer 5 Liters,USD119.00,USD178.00
2025-04-07 18:34:02,SPECIAL OFFERS!,Fitbit Sense 2 Smart Watch & Fitness Activity Tracker,USD249.00,USD300.00
2025-04-07 18:34:02,SPECIAL OFFERS!,Apple IPAD 9 Black 64GB,USD255.00,USD299.00
2025-04-07 18:34:02,SPECIAL OFFERS!,Beurer BF183 Limited Edition Diagnostic Bathroom Scale,USD34.00,USD34.00
2025-04-07 18:34:02,SPECIAL OFFERS!,Bergner BG-50054-CP Hand Blender 800W 2 Speeds,USD33.00,USD45.00
2025-04-07 18:34:02,SPECIAL OFFERS!,Fresh G90BL Gas Oven 90cm,USD295.00,USD395.00
2025-04-07 18:34:02,SPECIAL OFFERS!,"Ariston | NS 723U EX Washing Machine 7 KG, 1200 RPM, White",USD399.00,USD500.00
2025-04-07 18:34:02,SPECIAL OFFERS!,Sensus Bundle | Hob 70 CM+ Oven 60 CM + Hood 60 CM,USD490.00,USD930.00
2025-04-07 18:34:02,NEW ARRIVALS!,KitchenAid KMQFX33910 Combi Microwave Oven 33 Litres,USD850.00,USD905.00
2025-04-07 18:34:02,NEW ARRIVALS!,Jura ENA 8 Metropolitan Black Coffee Machine,"USD1,921.00","USD1,921.00"
2025-04-07 18:34:02,NEW ARRIVALS!,Philips HR1916 Juice Extractor 900W,USD169.00,USD169.00
2025-04-07 18:34:02,NEW ARRIVALS!,Ufesa Mystic Topaz Cup Blender,USD200.00,USD200.00
2025-04-07 18:34:02,NEW ARRIVALS!,Bialetti 0005356 Moka Express Dolce& Gabbana | Mediterrean blue “Exclusively at Beytech”,USD169.00,USD169.00
2025-04-07 18:34:02,NEW ARRIVALS!,Moulinex BY550D10 Kettle Subito 1.7L Stainless steel,USD53.00,USD53.00
2025-04-07 18:34:02,NEW ARRIVALS!,Beurer MG79 Limited Edition Massage Gun,USD70.00,USD70.00
2025-04-07 18:34:02,BEST SELLERS!,"Frigidaire FD5110 TG Mini Chopper, 300ml Teal 300W",USD43.00,USD43.00
2025-04-07 18:34:02,BEST SELLERS!,Vivino WC-18 Thermoelectric Wine Cooler 18 Bottles,USD340.00,USD340.00
2025-04-07 18:34:02,BEST SELLERS!,Bialetti 0002762/Np Moka Alpina 3 Cups,USD43.00,USD43.00
2025-04-07 18:34:02,BEST SELLERS!,Segway Ninebot KickScooter MAX G2 E,USD999.00,USD999.00
2025-04-07 18:34:02,BEST SELLERS!,Ufesa BE0908 Bathroom Scale 29×28 cm,USD28.00,USD28.00
2025-04-07 18:34:02,BEST SELLERS!,Beurer BM27 Upper arm blood pressure monitor,USD40.00,USD40.00
2025-04-07 18:34:02,BEST SELLERS!,BaByliss 9436E Double Sided Makeup Mirror with 1x and 10x,USD110.00,USD110.00
2025-04-07 18:34:02,VARIETY APPLIANCES,Big Chef GC655 Gas Cooker 60×55 CM,USD159.00,USD230.00
2025-04-07 18:34:02,VARIETY APPLIANCES,Fresh O60FGB Built-in Gas Oven 60 cm,USD215.00,USD295.00
2025-04-07 18:34:02,VARIETY APPLIANCES,Haier AFD-631CB Bottom Mount Refrigerator Black 307L,USD799.00,"USD1,085.00"
2025-04-07 18:34:02,VARIETY APPLIANCES,KitchenAid KHWD1 38510 Induction Wok Hob 38cm Black,"USD2,970.00","USD3,920.00"
2025-04-07 18:34:02,VARIETY APPLIANCES,Acer Aspire 3 (A315-510P-35ZJ) laptop,USD349.00,USD399.00
2025-04-07 18:34:02,VARIETY APPLIANCES,Biolos YSDH-10 Hand Dryer White,USD777.00,USD899.00
2025-04-07 18:34:02,SMALL APPLIANCES,Twistshake Tableware Bundle for Girls,USD50.00,USD100.00
2025-04-07 18:34:02,SMALL APPLIANCES,Babyliss ST325E Ultra Slim Hair Straightener 22Mm,USD50.00,USD50.00
2025-04-07 18:34:02,SMALL APPLIANCES,MasterPro by Alessi BGMP-2212 Frypan 24X4.5Cm S/S Bones By Alessi,USD79.00,USD79.00
2025-04-07 18:34:02,SMALL APPLIANCES,"Bialetti 2022059 Espresso Cups, Set of 6 “Exclusively at Beytech”",USD45.00,USD45.00
2025-04-07 18:34:02,SMALL APPLIANCES,Bergner BG-20251-RD Set 3Pcs Food Container,USD25.00,USD25.00
2025-04-07 18:34:02,SMALL APPLIANCES,Princess 492943 Kitchen Scale,USD27.00,USD27.00
2025-04-07 18:34:02,SMALL APPLIANCES,Princess 163001 Saj Maker,USD89.00,USD89.00
2025-04-07 18:34:02,LATEST,Masterpro BGMP-2145 Set 6Pc Cookware Stainless Steel Ind Smart,USD123.00,USD123.00
2025-04-07 18:34:02,LATEST,Bialetti 0005327 Moka Express Dolce&Gabbana 'Exclusively at Beytech',USD100.00,USD100.00
2025-04-07 18:34:02,LATEST,Bergner BG-3210 Kitchen Tongs 30.5Cm Ss + Black Silicon,USD9.00,USD9.00
2025-04-07 18:34:02,LATEST,San Ignacio Bgeu-1594 Rectangular Baking Dish 39X25X7Cm 3.8L,USD22.00,USD22.00
2025-04-07 18:34:02,TRENDING,Beurer BF600 Diagnostic Scale,USD60.00,USD60.00
2025-04-07 18:34:02,TRENDING,Haier HDWE1338CS1IQ Freestanding dishwasher 13 place settings Silver color,USD429.00,USD429.00
2025-04-07 18:34:02,TRENDING,Babyliss W2447E - Deep waves,USD99.00,USD99.00
2025-04-07 18:34:02,ON SALE,"Haier AS12PB3HRA Air conditioner 12,000 BTU INVERTER heat and cool smart",USD444.00,USD515.00
2025-04-07 18:34:02,ON SALE,Sensus AC-205 Air Cooler,USD159.00,USD159.00
2025-04-07 18:34:02,ON SALE,Ufesa AF5600 Air Fryer 5 Liters,USD119.00,USD178.00
2025-04-07 20:27:26,SPECIAL OFFERS!,Fitbit Sense 2 Smart Watch & Fitness Activity Tracker,USD249.00,USD300.00
2025-04-07 20:27:26,SPECIAL OFFERS!,Apple IPAD 9 Black 64GB,USD255.00,USD299.00
2025-04-07 20:27:26,SPECIAL OFFERS!,Beurer BF183 Limited Edition Diagnostic Bathroom Scale,USD34.00,USD34.00
2025-04-07 20:27:26,SPECIAL OFFERS!,Bergner BG-50054-CP Hand Blender 800W 2 Speeds,USD33.00,USD45.00
2025-04-07 20:27:26,SPECIAL OFFERS!,Fresh G90BL Gas Oven 90cm,USD295.00,USD395.00
2025-04-07 20:27:26,SPECIAL OFFERS!,"Ariston | NS 723U EX Washing Machine 7 KG, 1200 RPM, White",USD399.00,USD500.00
2025-04-07 20:27:26,SPECIAL OFFERS!,Sensus Bundle | Hob 70 CM+ Oven 60 CM + Hood 60 CM,USD490.00,USD930.00
2025-04-07 20:27:26,NEW ARRIVALS!,KitchenAid KMQFX33910 Combi Microwave Oven 33 Litres,USD850.00,USD905.00
2025-04-07 20:27:26,NEW ARRIVALS!,Jura ENA 8 Metropolitan Black Coffee Machine,"USD1,921.00","USD1,921.00"
2025-04-07 20:27:26,NEW ARRIVALS!,Philips HR1916 Juice Extractor 900W,USD169.00,USD169.00
2025-04-07 20:27:26,NEW ARRIVALS!,Ufesa Mystic Topaz Cup Blender,USD200.00,USD200.00
2025-04-07 20:27:26,NEW ARRIVALS!,Bialetti 0005356 Moka Express Dolce& Gabbana | Mediterrean blue “Exclusively at Beytech”,USD169.00,USD169.00
2025-04-07 20:27:26,NEW ARRIVALS!,Moulinex BY550D10 Kettle Subito 1.7L Stainless steel,USD53.00,USD53.00
2025-04-07 20:27:26,NEW ARRIVALS!,Beurer MG79 Limited Edition Massage Gun,USD70.00,USD70.00
2025-04-07 20:27:26,BEST SELLERS!,"Frigidaire FD5110 TG Mini Chopper, 300ml Teal 300W",USD43.00,USD43.00
2025-04-07 20:27:26,BEST SELLERS!,Vivino WC-18 Thermoelectric Wine Cooler 18 Bottles,USD340.00,USD340.00
2025-04-07 20:27:26,BEST SELLERS!,Bialetti 0002762/Np Moka Alpina 3 Cups,USD43.00,USD43.00
2025-04-07 20:27:26,BEST SELLERS!,Segway Ninebot KickScooter MAX G2 E,USD999.00,USD999.00
2025-04-07 20:27:26,BEST SELLERS!,Ufesa BE0908 Bathroom Scale 29×28 cm,USD28.00,USD28.00
2025-04-07 20:27:26,BEST SELLERS!,Beurer BM27 Upper arm blood pressure monitor,USD40.00,USD40.00
2025-04-07 20:27:26,BEST SELLERS!,BaByliss 9436E Double Sided Makeup Mirror with 1x and 10x,USD110.00,USD110.00
2025-04-07 20:27:26,VARIETY APPLIANCES,Big Chef GC655 Gas Cooker 60×55 CM,USD159.00,USD230.00
2025-04-07 20:27:26,VARIETY APPLIANCES,Fresh O60FGB Built-in Gas Oven 60 cm,USD215.00,USD295.00
2025-04-07 20:27:26,VARIETY APPLIANCES,Haier AFD-631CB Bottom Mount Refrigerator Black 307L,USD799.00,"USD1,085.00"
2025-04-07 20:27:26,VARIETY APPLIANCES,KitchenAid KHWD1 38510 Induction Wok Hob 38cm Black,"USD2,970.00","USD3,920.00"
2025-04-07 20:27:26,VARIETY APPLIANCES,Acer Aspire 3 (A315-510P-35ZJ) laptop,USD349.00,USD399.00
2025-04-07 20:27:26,VARIETY APPLIANCES,Biolos YSDH-10 Hand Dryer White,USD777.00,USD899.00
2025-04-07 20:27:26,SMALL APPLIANCES,Twistshake Tableware Bundle for Girls,USD50.00,USD100.00
2025-04-07 20:27:26,SMALL APPLIANCES,Babyliss ST325E Ultra Slim Hair Straightener 22Mm,USD50.00,USD50.00
2025-04-07 20:27:26,SMALL APPLIANCES,MasterPro by Alessi BGMP-2212 Frypan 24X4.5Cm S/S Bones By Alessi,USD79.00,USD79.00
2025-04-07 20:27:26,SMALL APPLIANCES,"Bialetti 2022059 Espresso Cups, Set of 6 “Exclusively at Beytech”",USD45.00,USD45.00
2025-04-07 20:27:26,SMALL APPLIANCES,Bergner BG-20251-RD Set 3Pcs Food Container,USD25.00,USD25.00
2025-04-07 20:27:26,SMALL APPLIANCES,Princess 492943 Kitchen Scale,USD27.00,USD27.00
2025-04-07 20:27:26,SMALL APPLIANCES,Princess 163001 Saj Maker,USD89.00,USD89.00
2025-04-07 20:27:26,LATEST,Masterpro BGMP-2145 Set 6Pc Cookware Stainless Steel Ind Smart,USD123.00,USD123.00
2025-04-07 20:27:26,LATEST,Bialetti 0005327 Moka Express Dolce&Gabbana 'Exclusively at Beytech',USD100.00,USD100.00
2025-04-07 20:27:26,LATEST,Bergner BG-3210 Kitchen Tongs 30.5Cm Ss + Black Silicon,USD9.00,USD9.00
2025-04-07 20:27:26,LATEST,San Ignacio Bgeu-1594 Rectangular Baking Dish 39X25X7Cm 3.8L,USD22.00,USD22.00
2025-04-07 20:27:26,TRENDING,Beurer BF600 Diagnostic Scale,USD60.00,USD60.00
2025-04-07 20:27:26,TRENDING,Haier HDWE1338CS1IQ Freestanding dishwasher 13 place settings Silver color,USD429.00,USD429.00
2025-04-07 20:27:26,TRENDING,Babyliss W2447E - Deep waves,USD99.00,USD99.00
2025-04-07 20:27:26,ON SALE,"Haier AS12PB3HRA Air conditioner 12,000 BTU INVERTER heat and cool smart",USD444.00,USD515.00
2025-04-07 20:27:26,ON SALE,Sensus AC-205 Air Cooler,USD159.00,USD159.00
2025-04-07 20:27:26,ON SALE,Ufesa AF5600 Air Fryer 5 Liters,USD119.00,USD178.00
2025-04-07 22:24:25,SPECIAL OFFERS!,Fitbit Sense 2 Smart Watch & Fitness Activity Tracker,USD249.00,USD300.00
2025-04-07 22:24:25,SPECIAL OFFERS!,Apple IPAD 9 Black 64GB,USD255.00,USD299.00
2025-04-07 22:24:25,SPECIAL OFFERS!,Beurer BF183 Limited Edition Diagnostic Bathroom Scale,USD34.00,USD34.00
2025-04-07 22:24:25,SPECIAL OFFERS!,Bergner BG-50054-CP Hand Blender 800W 2 Speeds,USD33.00,USD45.00
2025-04-07 22:24:25,SPECIAL OFFERS!,Fresh G90BL Gas Oven 90cm,USD295.00,USD395.00
2025-04-07 22:24:25,SPECIAL OFFERS!,"Ariston | NS 723U EX Washing Machine 7 KG, 1200 RPM, White",USD399.00,USD500.00
2025-04-07 22:24:25,SPECIAL OFFERS!,Sensus Bundle | Hob 70 CM+ Oven 60 CM + Hood 60 CM,USD490.00,USD930.00
2025-04-07 22:24:25,NEW ARRIVALS!,KitchenAid KMQFX33910 Combi Microwave Oven 33 Litres,USD850.00,USD905.00
2025-04-07 22:24:25,NEW ARRIVALS!,Jura ENA 8 Metropolitan Black Coffee Machine,"USD1,921.00","USD1,921.00"
2025-04-07 22:24:25,NEW ARRIVALS!,Philips HR1916 Juice Extractor 900W,USD169.00,USD169.00
2025-04-07 22:24:25,NEW ARRIVALS!,Ufesa Mystic Topaz Cup Blender,USD200.00,USD200.00
2025-04-07 22:24:25,NEW ARRIVALS!,Bialetti 0005356 Moka Express Dolce& Gabbana | Mediterrean blue “Exclusively at Beytech”,USD169.00,USD169.00
2025-04-07 22:24:25,NEW ARRIVALS!,Moulinex BY550D10 Kettle Subito 1.7L Stainless steel,USD53.00,USD53.00
2025-04-07 22:24:25,NEW ARRIVALS!,Beurer MG79 Limited Edition Massage Gun,USD70.00,USD70.00
2025-04-07 22:24:25,BEST SELLERS!,"Frigidaire FD5110 TG Mini Chopper, 300ml Teal 300W",USD43.00,USD43.00
2025-04-07 22:24:25,BEST SELLERS!,Vivino WC-18 Thermoelectric Wine Cooler 18 Bottles,USD340.00,USD340.00
2025-04-07 22:24:25,BEST SELLERS!,Bialetti 0002762/Np Moka Alpina 3 Cups,USD43.00,USD43.00
2025-04-07 22:24:25,BEST SELLERS!,Segway Ninebot KickScooter MAX G2 E,USD999.00,USD999.00
2025-04-07 22:24:25,BEST SELLERS!,Ufesa BE0908 Bathroom Scale 29×28 cm,USD28.00,USD28.00
2025-04-07 22:24:25,BEST SELLERS!,Beurer BM27 Upper arm blood pressure monitor,USD40.00,USD40.00
2025-04-07 22:24:25,BEST SELLERS!,BaByliss 9436E Double Sided Makeup Mirror with 1x and 10x,USD110.00,USD110.00
2025-04-07 22:24:25,VARIETY APPLIANCES,Big Chef GC655 Gas Cooker 60×55 CM,USD159.00,USD230.00
2025-04-07 22:24:25,VARIETY APPLIANCES,Fresh O60FGB Built-in Gas Oven 60 cm,USD215.00,USD295.00
2025-04-07 22:24:25,VARIETY APPLIANCES,Haier AFD-631CB Bottom Mount Refrigerator Black 307L,USD799.00,"USD1,085.00"
2025-04-07 22:24:25,VARIETY APPLIANCES,KitchenAid KHWD1 38510 Induction Wok Hob 38cm Black,"USD2,970.00","USD3,920.00"
2025-04-07 22:24:25,VARIETY APPLIANCES,Acer Aspire 3 (A315-510P-35ZJ) laptop,USD349.00,USD399.00
2025-04-07 22:24:25,VARIETY APPLIANCES,Biolos YSDH-10 Hand Dryer White,USD777.00,USD899.00
2025-04-07 22:24:25,SMALL APPLIANCES,Twistshake Tableware Bundle for Girls,USD50.00,USD100.00
2025-04-07 22:24:25,SMALL APPLIANCES,Babyliss ST325E Ultra Slim Hair Straightener 22Mm,USD50.00,USD50.00
2025-04-07 22:24:25,SMALL APPLIANCES,MasterPro by Alessi BGMP-2212 Frypan 24X4.5Cm S/S Bones By Alessi,USD79.00,USD79.00
2025-04-07 22:24:25,SMALL APPLIANCES,"Bialetti 2022059 Espresso Cups, Set of 6 “Exclusively at Beytech”",USD45.00,USD45.00
2025-04-07 22:24:25,SMALL APPLIANCES,Bergner BG-20251-RD Set 3Pcs Food Container,USD25.00,USD25.00
2025-04-07 22:24:25,SMALL APPLIANCES,Princess 492943 Kitchen Scale,USD27.00,USD27.00
2025-04-07 22:24:25,SMALL APPLIANCES,Princess 163001 Saj Maker,USD89.00,USD89.00
2025-04-07 22:24:25,LATEST,Masterpro BGMP-2145 Set 6Pc Cookware Stainless Steel Ind Smart,USD123.00,USD123.00
2025-04-07 22:24:25,LATEST,Bialetti 0005327 Moka Express Dolce&Gabbana 'Exclusively at Beytech',USD100.00,USD100.00
2025-04-07 22:24:25,LATEST,Bergner BG-3210 Kitchen Tongs 30.5Cm Ss + Black Silicon,USD9.00,USD9.00
2025-04-07 22:24:25,LATEST,San Ignacio Bgeu-1594 Rectangular Baking Dish 39X25X7Cm 3.8L,USD22.00,USD22.00
2025-04-07 22:24:25,TRENDING,Beurer BF600 Diagnostic Scale,USD60.00,USD60.00
2025-04-07 22:24:25,TRENDING,Haier HDWE1338CS1IQ Freestanding dishwasher 13 place settings Silver color,USD429.00,USD429.00
2025-04-07 22:24:25,TRENDING,Babyliss W2447E - Deep waves,USD99.00,USD99.00
2025-04-07 22:24:25,ON SALE,"Haier AS12PB3HRA Air conditioner 12,000 BTU INVERTER heat and cool smart",USD444.00,USD515.00
2025-04-07 22:24:25,ON SALE,Sensus AC-205 Air Cooler,USD159.00,USD159.00
2025-04-07 22:24:25,ON SALE,Ufesa AF5600 Air Fryer 5 Liters,USD119.00,USD178.00
2025-04-08 01:54:36,SPECIAL OFFERS!,Fitbit Sense 2 Smart Watch & Fitness Activity Tracker,USD249.00,USD300.00
2025-04-08 01:54:36,SPECIAL OFFERS!,Apple IPAD 9 Black 64GB,USD255.00,USD299.00
2025-04-08 01:54:36,SPECIAL OFFERS!,Beurer BF183 Limited Edition Diagnostic Bathroom Scale,USD34.00,USD34.00
2025-04-08 01:54:36,SPECIAL OFFERS!,Bergner BG-50054-CP Hand Blender 800W 2 Speeds,USD33.00,USD45.00
2025-04-08 01:54:36,SPECIAL OFFERS!,Fresh G90BL Gas Oven 90cm,USD295.00,USD395.00
2025-04-08 01:54:36,SPECIAL OFFERS!,"Ariston | NS 723U EX Washing Machine 7 KG, 1200 RPM, White",USD399.00,USD500.00
2025-04-08 01:54:36,SPECIAL OFFERS!,Sensus Bundle | Hob 70 CM+ Oven 60 CM + Hood 60 CM,USD490.00,USD930.00
2025-04-08 01:54:36,NEW ARRIVALS!,KitchenAid KMQFX33910 Combi Microwave Oven 33 Litres,USD850.00,USD905.00
2025-04-08 01:54:36,NEW ARRIVALS!,Jura ENA 8 Metropolitan Black Coffee Machine,"USD1,921.00","USD1,921.00"
2025-04-08 01:54:36,NEW ARRIVALS!,Philips HR1916 Juice Extractor 900W,USD169.00,USD169.00
2025-04-08 01:54:36,NEW ARRIVALS!,Ufesa Mystic Topaz Cup Blender,USD200.00,USD200.00
2025-04-08 01:54:36,NEW ARRIVALS!,Bialetti 0005356 Moka Express Dolce& Gabbana | Mediterrean blue “Exclusively at Beytech”,USD169.00,USD169.00
2025-04-08 01:54:36,NEW ARRIVALS!,Moulinex BY550D10 Kettle Subito 1.7L Stainless steel,USD53.00,USD53.00
2025-04-08 01:54:36,NEW ARRIVALS!,Beurer MG79 Limited Edition Massage Gun,USD70.00,USD70.00
2025-04-08 01:54:36,BEST SELLERS!,"Frigidaire FD5110 TG Mini Chopper, 300ml Teal 300W",USD43.00,USD43.00
2025-04-08 01:54:36,BEST SELLERS!,Vivino WC-18 Thermoelectric Wine Cooler 18 Bottles,USD340.00,USD340.00
2025-04-08 01:54:36,BEST SELLERS!,Bialetti 0002762/Np Moka Alpina 3 Cups,USD43.00,USD43.00
2025-04-08 01:54:36,BEST SELLERS!,Segway Ninebot KickScooter MAX G2 E,USD999.00,USD999.00
2025-04-08 01:54:36,BEST SELLERS!,Ufesa BE0908 Bathroom Scale 29×28 cm,USD28.00,USD28.00
2025-04-08 01:54:36,BEST SELLERS!,Beurer BM27 Upper arm blood pressure monitor,USD40.00,USD40.00
2025-04-08 01:54:36,BEST SELLERS!,BaByliss 9436E Double Sided Makeup Mirror with 1x and 10x,USD110.00,USD110.00
2025-04-08 01:54:36,VARIETY APPLIANCES,Big Chef GC655 Gas Cooker 60×55 CM,USD159.00,USD230.00
2025-04-08 01:54:36,VARIETY APPLIANCES,Fresh O60FGB Built-in Gas Oven 60 cm,USD215.00,USD295.00
2025-04-08 01:54:36,VARIETY APPLIANCES,Haier AFD-631CB Bottom Mount Refrigerator Black 307L,USD799.00,"USD1,085.00"
2025-04-08 01:54:36,VARIETY APPLIANCES,KitchenAid KHWD1 38510 Induction Wok Hob 38cm Black,"USD2,970.00","USD3,920.00"
2025-04-08 01:54:36,VARIETY APPLIANCES,Acer Aspire 3 (A315-510P-35ZJ) laptop,USD349.00,USD399.00
2025-04-08 01:54:36,VARIETY APPLIANCES,Biolos YSDH-10 Hand Dryer White,USD777.00,USD899.00
2025-04-08 01:54:36,SMALL APPLIANCES,Twistshake Tableware Bundle for Girls,USD50.00,USD100.00
2025-04-08 01:54:36,SMALL APPLIANCES,Babyliss ST325E Ultra Slim Hair Straightener 22Mm,USD50.00,USD50.00
2025-04-08 01:54:36,SMALL APPLIANCES,MasterPro by Alessi BGMP-2212 Frypan 24X4.5Cm S/S Bones By Alessi,USD79.00,USD79.00
2025-04-08 01:54:36,SMALL APPLIANCES,"Bialetti 2022059 Espresso Cups, Set of 6 “Exclusively at Beytech”",USD45.00,USD45.00
2025-04-08 01:54:36,SMALL APPLIANCES,Bergner BG-20251-RD Set 3Pcs Food Container,USD25.00,USD25.00
2025-04-08 01:54:36,SMALL APPLIANCES,Princess 492943 Kitchen Scale,USD27.00,USD27.00
2025-04-08 01:54:36,SMALL APPLIANCES,Princess 163001 Saj Maker,USD89.00,USD89.00
2025-04-08 01:54:36,LATEST,Masterpro BGMP-2145 Set 6Pc Cookware Stainless Steel Ind Smart,USD123.00,USD123.00
2025-04-08 01:54:36,LATEST,Bialetti 0005327 Moka Express Dolce&Gabbana 'Exclusively at Beytech',USD100.00,USD100.00
2025-04-08 01:54:36,LATEST,Bergner BG-3210 Kitchen Tongs 30.5Cm Ss + Black Silicon,USD9.00,USD9.00
2025-04-08 01:54:36,LATEST,San Ignacio Bgeu-1594 Rectangular Baking Dish 39X25X7Cm 3.8L,USD22.00,USD22.00
2025-04-08 01:54:36,TRENDING,Beurer BF600 Diagnostic Scale,USD60.00,USD60.00
2025-04-08 01:54:36,TRENDING,Haier HDWE1338CS1IQ Freestanding dishwasher 13 place settings Silver color,USD429.00,USD429.00
2025-04-08 01:54:36,TRENDING,Babyliss W2447E - Deep waves,USD99.00,USD99.00
2025-04-08 01:54:36,ON SALE,"Haier AS12PB3HRA Air conditioner 12,000 BTU INVERTER heat and cool smart",USD444.00,USD515.00
2025-04-08 01:54:36,ON SALE,Sensus AC-205 Air Cooler,USD159.00,USD159.00
2025-04-08 01:54:36,ON SALE,Ufesa AF5600 Air Fryer 5 Liters,USD119.00,USD178.00
