Category,Website,Type,Keywords
Common Across All Websites,All,Common Keywords,&; -; 2; 3; 7; 70; accessories; air; air conditioners; apple; black; blender; blue; cameras; care; coffee; cookers; cup; dehumidifiers; dishwashers; dryer; dryers; electronics; freezers; gaming; gaming accessories; hair; hair care; home; humidifiers; inverter; laptops; microwaves; mini; mobiles & tablets; monitors; nan; personal; projectors; refrigerator; refrigerators; sale; silver; smart; stainless; steel; straightener; tablets; water dispensers; white; with
Unique to Website,abedtahan.com,Unique Keywords,"(black); 1.72; 1.96''; 10.9'; 1000w; 11'-; 12.4'-; 1200rpm; 128gb; 13-; 16; 16-; 1760w; 180; 2-in-1 detachable laptops; 200¬∞c; 2200w; 2300w; 28"" - 32""; 3-in-1; 3.3; 32'; 40"" - 45""; 40'; 43'; 43''; 44mm; 4gb-; 4k televisions; 50"" - 54""; 55"" - 59""; 55'; 600w; 65"" - 69""; 65'; 7-; 7.6; 70"" - 75""; 70-; 76"" - 79""; 80"" and above; 850w; 8gb-; 8k televisions; a+++; a9-; abed; action cameras; adapters; aid; air fryers; android; android smartphones; apple accessories; apple airpods; attachments; audio devices; bakery; bakeware; basic laptops; bath linens; bathrooms; bbq grills; beauty; bed covers; bed essentials; bed sheets; bedding; bissell; black & decker; boss; brands; braun; bravia; bug zappers; button; by screen size; cables; cables & connectors; camera bags; camera lenses; cameras accessories; canister vacuums; car & travel accessories; carper; carpet cleaners; cases & covers; cf; clean; cleaner; cleaning; clothing storage & laundry; coffee & tea; coffee & travel mugs; coffee machines; coffee pods/capsules; consoles & gaming; cooking; cooktops; cookware & bakeware; cordless vacuums; cotton candy & chocolate fountains; crimper; curler; cutlery; cutlery & knives; decoration; deep fryers; default; default title; desktop computers; dinner ware; drink ware; drones & toys; drum/barrel vacuums; dry; dslr cameras; dvd and blu-ray players; dyson; earphones & headphones; epilator; extras; facial; fe+; fitness trackers; floor & carpet care; food & storage; food preparations; foodi; friday; front; fryer,; galaxy; games/titles; gaming chairs; gaming headsets; gaming laptops; gaming monitors; google; gorenje; gray; grill; grundig; hair clippers; hair dryer; hair stylers; happy; hard drive; hdr; headphones; headsets & microphones; health; health care; health, fitness & beauty; heating, cooling & air quality; hoco; home accents; home audio & soundbars; home gym; home security; homeware, deco & kitchenware; ice cream & yoghurt makers; ice cube; incl.; instant cameras; ipads; iphones; ipls; iron boards & drying racks; irons; juice extractors; kg; kitchen ware; laptop bags; laptops & computers; laundry & garment care; linens; lm6370; macbooks; magic; massagers; memory cards; men's shavers; mice & keyboards; mini led tvs; mirrorless cameras; misty; mixer; mixers; multi-player games; ninja; ninja,; noise cancellation headphones; office laptops; oled tvs; organizations; oscal; outdoor furniture & d√©cor; outdoor heaters; outdoor living & seasonal items; pad; payment; personal bluetooth speakers; photo printers; pizza ovens; power bank; powerbrush; preparation; printers; processor; qled tvs; qned tvs; remote; robot vacuums; routers; s9; safes; safes & home security; sage; sage,; saj machines; sale sold; samsung galaxy buds; scooters & boards; screen; screen protectors; serve ware; shaving & hair removal; sierra; silk-√©pil; small kitchen appliances; smart glasses; soccer & tennis tables; software; sold; sony; soundbar; space; speakers; speed; ssd & storage; starage; steam mops; steamers; storage items; streaming devices; styling; stylus pens; super; super chef; superchef; supersonic; sweepers; swimming & leisure; tab; table linens; table ware; tablet accessories; tablet covers; tablet screen protectors; tahan; tcl; texture; title; title sold; tools & utensils; touch pads & motion; trashcans; trays; trimmers & groomers; tripods & monopods; turbo; tv & audio; tv accessories; tv brackets; tv stands; ups & surge protectors; usb flash drives; usd; usd default; usd sale; usd usd; ut80; vacuum & floor care accessories; vacuum cleaners; vacuums; valera; virtual reality headsets; volume; vrs; waffles & crepe makers; ware; washer; washer/dryers; washers; water pressure machines; watt; wearables; weights & benches; wet; wired earphones & headphones; wireless earbuds; wireless headphones and earphones; wireless speakers; wizz; women's hair removal; y12; zone"
Unique to Website,hamdanelectronics.com,Unique Keywords,"'; (; (2024); ); ,; 0,5; 0,75; 0.25; 0.5; 1; 1,5; 1.2; 1.25; 1.5; 1.7; 1.8; 100; 122; 1300; 1400; 15.6; 15.6'; 17; 170; 18/10; 1800; 19; 191; 2024; 2100; 22; 2200; 230,; 24; 246; 25; 250; 256; 26; 3-tap,; 3000; 30pc,; 310c,; 32; 330; 350; 360; 4,; 4.5; 40; 400; 400ml; 43; 45; 4k,; 50; 50's; 538; 55; 570; 583; 6,; 6-in-1; 600; 65; 650; 65q70d; 700; 700ml; 716; 75; 800; 85; 8gb; 90; active; adele; aesthetic; air care; air purifier; airpods; american; arrivals; audio & video; auto; automatic; b4; babyliss,; backups & software; bag; bagged; barista; bbq & accessories; beard; beauty & sports; berghoff; black/; black/purple; black/silver; blade; blender watts; blending; bluetooth; bluetooth devices; bluetooth speakers; bodygroom; bosch; braun,; brush,; brushes; buds; built; built-in ovens; c; cake maker; camera's accessories; campomatic; campomatic,; can; cancellation; candy; capacity; carpet & floor care; ceramic; charge; choppers; cigar; cigar humidor; cigars,; cleaner,; coffee drip machines; coffee, tea & breakfast; compact; compare; compare quickview; computer monitors; connected; contact; contact grills; containers; containers,; controls,; copy; cord; corrale‚Ñ¢; crepe makers; crinkle; cruet; cubic; cup,; curl,; curler,; cutter; ddr4,; defrost,; design; desire; digital; dispenser,; dolce; domo,; door; dry stands; dryer,; dust; dyson,; earbuds; earphone; easy; ecobubble‚Ñ¢; ecobubble‚Ñ¢,; electric; elica; emergency lights; espresso machines; essentials; extras,; face; feet,; ferrari,; fhd; fhd,; flatware; flip; fondue; fontaine; foot care; four; frameless,; framless; free-standing; freezer; freezer,; freezing; fridge; fridge-freezer,; frost; frost,; frother,; fryers; function; function,; g; gb; glam; gold; gr; grill,; grills & bbq; grinder,; ground; gym balls; hand blenders; hand mixers; hausberg,; hdmi; hdmi,; headset,; headsets; healthy; heated; hello spring üå∏; heritage; high; hisense,; hobbs,; home improvement; home smart; hoover,; humidor,; hybrid; hyundai; ice cream makers; ideapad; in; inches; inches,; inner; inox; instaview‚Ñ¢; intense; inverter,; iontec; iparah,; iparah-; ipl laser; ipro; iron; iron boards; is; italy,; jbl,; jug; jug,; juicer,; juicers & juice extractors; kelon,; kenwood,; keratin; kinelco,; kit,; kitchen accessories; kitchen machines; kitchenware; knock; kumtel,; l,; laptop,; led,; lenovo; lenovo,; lg,; liquafruits; lithium batteries; loading; love'; luxell,; made; magimix,; maker,; massage chairs; matt; matte; measuring; medical care; metal/glass; milk; mill,; ml; ml,; mobile; moulinex,; multi-blender,; multistyler,; my; networking & routers; new arrivals; new westmark; new wishlist; no; noise; norelco; notebook,; nutriboost; nvme; nvme,; oled; olimpic; olimpic,; olive; one; opener; other; oven,; panasonic,; pans and pots; pastel; pepper; philips,; piano & keyboards; pieces; pincer; popcorn makers; portable; power; power banks & chargers; powerful; precision; premium; printers and scanners; protect; purple; pyrex; q60d; qled; quantum; quickview; raclette makers; ram,; range hobs; ready,; receiver,; recommended; refrigerator,; remington,; retro; russell; safe cabine; salt; samsung,; satin; scooter; secret; set,; shaker; shaker,; shaver; shavers & trimmers; shine; sicily; single; size; skin care; sleek; slimlook; smart,; smeg,; smooth; sony playstation; sound; sound bar; speaker; speakers & home theatres; spice; spiral; sport machines; ssd; stages,; stainless steel; stand blenders; stand mixers; steam irons; steamers & rice cookers; stoner; storage devices; straight; straightener,; strainer; style; stylecare; swiss diamond; switch; system; table tops; taurus,; technology,; tefal cookware; temperature; titles; toasters; toothbrush; top; toshiba; toshiba,; travel; trimmer; trimmer,; true; tune; turkish; tv smart box; tv,; twist; type; ups; usb; usb,; use; ut8000; vacuum; vacuum canisters; vertical steamers; victorinox knifes; waffle maker; washer,; washers-dryers; water; water pressures; waterproof; watts,; wave; webos; westmark; westmark,; wide; wired; wishlist; wishlist compare; wsk; yes; √∏"
Unique to Website,beytech.com.lb,Unique Keywords,"'exclusively; (a315-510p-35zj); (up; +; 0002762/np; 0005327; 0005356; 1.7l; 10x; 12,000; 163001; 1x; 2022059; 22mm; 24x4.5cm; 29√ó28; 3.8l; 30.5cm; 300ml; 300w; 307l; 33; 38510; 38cm; 39x25x7cm; 3m; 3pcs; 492943; 60; 60√ó55; 64gb; 6pc; 723u; 9; 9000; 900w; 90cm; 9436e; ac-205; acer; activity; af5600; afd-631cb; air coolers; alessi; alpina; appliances; ariston; arm; arrivals!; arts & crafts; as09shdhra; as12pb3hra; aspire; at; av accessories; baby; baby & toddler; baby & toys; baby health & safety; baby toys; babyliss; bags; bakeware & accessories; baking; bath; bath time; bathroom; be0908; beach & pool accessories; beauty & healthcare; bed & bath; bergner; best; beurer; beytech; beytech'; beytech‚Äù; bf183; bf600; bg-20251-rd; bg-3210; bg-50054-cp; bgeu-1594; bgmp-2145; bgmp-2212; bialetti; big; bins & containers; biolos; black price; blankets & throws; blood; blood pressure monitors; blu-ray & dvd players; bm27; body care; bones; books; books & stationery; bottles; bouncers walkers & baby chairs; browse; btu; building and blocks; built-in coffee makers; by; by550d10; cameras & smart locks; camping & hiking; car seats & strollers; card games; cars & bicycles; characters & action figures; children's books; chopper,; circuits & guns; cm+; computer software; computers & accessories; conditioner; container; cooker; cooking crafts & home; cookware & accessories; cool; cooler; cooling, heating & air quality; costumes & accessories; cups; cups & mugs; cups,; desk light; diagnostic; dish; dishwasher; dolce&; dolce&gabbana; dolls & princesses; double; e; edition; education & teaching; electric massagers; electronic games; email; email address; emergency & flash lights; ena; espresso; ex; express; extractor; eye care; face care; fd5110; feeding; fitbit; floor light; foot; freestanding; fresh; frigidaire; frypan; g2; g90bl; games; games and puzzles; gaming zone; garden accessories; gardening pots; gas; gc655; gift card; girls; grills; grills & outdoor cooking; gun; haier; hand & nail care; hand dryers; hand tools; hdwe1338cs1iq; healthcare; heat; heating; heating pads; hob; hobs; home & deco; home & kitchen; home audio & video; home decoration; home kitchen; hoods; hr1916; ignacio; ind; induction; ink&toners; insect killer; installation; interactive & learning toys; ipad & tablets; juice; jura; kettle; khwd1; kickscooter; kitchen & bath fixtures; kitchen & dining; kitchen gadgets; kmqfx33910; knife and cutlery accessories; laptop; latest; light; light bulbs; limited; list; liters; litres; machine; makeup; massage; masterpro; max; meal time; media storage; medical products; mediterrean; men grooming; metropolitan; mg79; microwave; mirrors; mobiles & tablets accessories; moka; monitor; moulinex; mystic; ninebot; ns; o60fgb; offers audio video; offers big appliances; offers it; offers personal care & health care; offers small appliances; offers sports & outdoors; offers!; office & school supplies; on; oral care; outdoors; oven; pain therapy and muscle stimulation; password; personal care; pipes); place; playhouses; pools & inflatable; pools & water toys; power tools; pressure; price; price price; princess; printers & scanners; rectangular; relaxation & sleep time; s/s; safety & security; saj; sale!; san; scale; scooters & bicycles; segway; sellers!; sense; sensus; serveware; settings; shop; shop shop; sided; silicon; skateboards ; small; small appliances; soft toys; special; special offers!; specialty appliances; split; sport activities & trampolines; sports; sports & outdoors; sports equipment; sports outdoors; ss; st325e; stationery; storage & organization; subito; sunglasses & eyeglasses; table & swings; tableware; tea and coffee service; teal; tennis & racquet sports; tg; thermoelectric; time; to; tongs; tools & home improvement; topaz; toys; toys & games; tracker; trackers; trending; tv brackets & stands; twistshake; ufesa; upper; vacuums & floor care; variety; vehicles; video games; vivino; w2447e; warming drawers; washer dryers; washing; waves; wc-18; wedding list; wellness & relaxation; wine coolers & cigar humidors; wok; ysdh-10; |; ‚Äúexclusively"
Exact Match,abedtahan.com,Common Tech Keywords,apple; camera lenses; cameras; desktop computers; drones; dslr cameras; fitness trackers; gaming consoles; gaming laptops; headphones; laptops; lg; mobile accessories; monitors; oled tvs; printers; projectors; routers; samsung; screen protectors; sony; speakers; tablets; televisions
Exact Match,abedtahan.com,Unique to Website,"&; (black); -; 1.72; 1.96''; 10.9'; 1000w; 11'-; 12.4'-; 1200rpm; 128gb; 13-; 14; 15; 16; 16-; 1760w; 180; 2; 2-in-1 detachable laptops; 200¬∞c; 2200w; 2300w; 256gb; 28"" - 32""; 3; 3-in-1; 3.3; 300; 32'; 4; 40"" - 45""; 40'; 43'; 43''; 44mm; 4gb-; 4k; 4k televisions; 5; 50"" - 54""; 500; 55"" - 59""; 55'; 600w; 65"" - 69""; 65'; 7; 7-; 7.6; 70; 70"" - 75""; 70-; 76"" - 79""; 80"" and above; 800w; 850w; 8gb-; 8k televisions; a+++; a9-; abed; accessories; action cameras; adapters; ai; aid; air; air conditioners; air fryers; air purifiers; and; android; android smartphones; apple accessories; apple airpods; attachments; audio; audio devices; bakery; bakeware; basic laptops; bath linens; bathroom accessories; bathrooms; bbq grills; beauty; bed covers; bed essentials; bed sheets; bedding; bissell; black; black & decker; blender; blender,; blenders; blue; boss; brands; braun; bravia; breakfast; bug zappers; bundle; button; by screen size; cables; cables & connectors; camera bags; cameras accessories; canister vacuums; car & travel accessories; care; carper; carpet cleaners; cases & covers; cf; chef; class; clean; cleaner; cleaning; clothing storage & laundry; coffee; coffee & tea; coffee & travel mugs; coffee machines; coffee pods/capsules; computers; consoles & gaming; cookers; cooking; cooktops; cookware; cookware & bakeware; cordless; cordless vacuums; cotton candy & chocolate fountains; crimper; crystal; cup; curler; curling; cutlery; cutlery & knives; decoration; deep fryers; default; default title; dehumidifiers; dinner ware; dishwashers; doors; drink ware; drones & toys; drum/barrel vacuums; dry; dryer; dryers; du7000; dual; dvd and blu-ray players; dyson; earphones & headphones; electronics; epilator; exercise bikes; extras; facial; fe+; fitness; floor & carpet care; food; food & storage; food preparations; food processors; foodi; for; frameless; freezers; friday; front; fryer,; full; fun cooking; galaxy; games/titles; gaming; gaming accessories; gaming chairs; gaming headsets; gaming monitors; google; gorenje; gray; grey; grill; grundig; hair; hair care; hair clippers; hair curlers; hair dryer; hair dryers; hair straighteners; hair stylers; hand; happy; hard drive; hd; hdr; headsets & microphones; health; health care; health, fitness & beauty; heaters; heating, cooling & air quality; hisense; hoco; home; home accents; home audio & soundbars; home gym; home security; homeware, deco & kitchenware; humidifiers; ice cream & yoghurt makers; ice cube; inch; incl.; ink & toners; instant cameras; inverter; ionic; ipad; ipads; iphones; ipls; iron boards & drying racks; irons; jbl; juice extractors; kettles; kg; kitchen; kitchen appliances; kitchen ware; kitchenaid; l; laptop bags; laptops & computers; laundry & garment care; led; linens; lm6370; load; macbooks; machines; magic; massagers; memory cards; men's shavers; mice & keyboards; microphones; microwaves; mini; mini led tvs; mirrorless cameras; misty; mixer; mixers; mobiles; mobiles & tablets; multi-player games; musical instruments; nan; ninja; ninja,; noise cancellation headphones; offers; office laptops; organizations; os; oscal; outdoor furniture & d√©cor; outdoor heaters; outdoor living & seasonal items; ovens; pad; payment; personal; personal bluetooth speakers; personal scales; photo printers; pizza ovens; power bank; powerbrush; preparation; pro; processor; professional; qled tvs; qned tvs; range hoods; red; refrigerator; refrigerators; remote; robot vacuums; s9; safes; safes & home security; sage; sage,; saj machines; sale; sale sold; samsung galaxy buds; scooters & boards; screen; series; serve ware; set; sharp; shaving & hair removal; sierra; silk-√©pil; silver; small kitchen appliances; smart; smart glasses; smart watches; soccer & tennis tables; software; sold; soundbar; space; speed; speeds; sports & fitness; ssd & storage; stainless; stand; starage; steam mops; steamers; steel; storage; storage items; straightener; straightening; streaming devices; styler; styling; stylus pens; super; super chef; superchef; supersonic; sweepers; swimming & leisure; tab; table linens; table ware; tablet accessories; tablet covers; tablet screen protectors; tahan; tcl; texture; title; title sold; tizen; tools & utensils; touch pads & motion; trashcans; trays; treadmills; trimmers & groomers; tripods & monopods; turbo; tv; tv & audio; tv accessories; tv brackets; tv stands; tvs; uhd; upright vacuums; ups & surge protectors; usb flash drives; usd; usd default; usd sale; usd usd; ut80; vacuum & floor care accessories; vacuum cleaners; vacuums; valera; virtual reality headsets; volume; vrs; waffles & crepe makers; ware; washer; washer/dryers; washers; watch; water dispensers; water pressure machines; watt; watts; wearables; weights & benches; wet; white; wired earphones & headphones; wireless; wireless earbuds; wireless headphones and earphones; wireless speakers; with; wizz; women's hair removal; y12; zone"
Exact Match,abedtahan.com,Missing Tech Keywords,apple iphones; best smartphones; buy electronics online; buy smartphones online; car electronics; chargers; cheap laptops; computer accessories; computer parts; deals on electronics; dell; digital cameras; discount tvs; electronics store; electronics store near mecomputer store in lebanon; ereaders; home appliances; hp; huawei; keyboards; latest technology; led tvs; lenovo; mouse; networking devices; new technology; nintendo switch; offers on smartphones; online electronics store; phone cases; playstation; price of laptops; price of smartphones; samsung smartphones; smart home devices; smart speakers; smart tvs; smartphones; smartwatches; sony headphones; tech shop; technology retail; virtual reality; vr headsets; where to buy smartphones in lebanon; xbox; xiaomi
Substring Match,abedtahan.com,Tech Keywords Found as Substrings,apple; camera lenses; cameras; desktop computers; drones; dslr cameras; fitness trackers; gaming consoles; gaming laptops; headphones; keyboards; laptops; led tvs; lg; mobile accessories; monitors; oled tvs; printers; projectors; routers; samsung; screen protectors; smartphones; sony; speakers; tablets; televisions; virtual reality
Substring Match,abedtahan.com,Unique to Website (Original Case),"&; (black); -; 1.72; 1.96''; 10.9'; 1000w; 11'-; 12.4'-; 1200rpm; 128gb; 13-; 14; 15; 16; 16-; 1760w; 180; 2; 2-in-1 detachable laptops; 200¬∞c; 2200w; 2300w; 256gb; 28"" - 32""; 3; 3-in-1; 3.3; 300; 32'; 4; 40"" - 45""; 40'; 43'; 43''; 44mm; 4gb-; 4k; 4k televisions; 5; 50"" - 54""; 500; 55"" - 59""; 55'; 600w; 65"" - 69""; 65'; 7; 7-; 7.6; 70; 70"" - 75""; 70-; 76"" - 79""; 80"" and above; 800w; 850w; 8gb-; 8k televisions; a+++; a9-; abed; accessories; action cameras; adapters; ai; aid; air; air conditioners; air fryers; air purifiers; and; android; android smartphones; apple accessories; apple airpods; attachments; audio; audio devices; bakery; bakeware; basic laptops; bath linens; bathroom accessories; bathrooms; bbq grills; beauty; bed covers; bed essentials; bed sheets; bedding; bissell; black; black & decker; blender; blender,; blenders; blue; boss; brands; braun; bravia; breakfast; bug zappers; bundle; button; by screen size; cables; cables & connectors; camera bags; cameras accessories; canister vacuums; car & travel accessories; care; carper; carpet cleaners; cases & covers; cf; chef; class; clean; cleaner; cleaning; clothing storage & laundry; coffee; coffee & tea; coffee & travel mugs; coffee machines; coffee pods/capsules; computers; consoles & gaming; cookers; cooking; cooktops; cookware; cookware & bakeware; cordless; cordless vacuums; cotton candy & chocolate fountains; crimper; crystal; cup; curler; curling; cutlery; cutlery & knives; decoration; deep fryers; default; default title; dehumidifiers; dinner ware; dishwashers; doors; drink ware; drones & toys; drum/barrel vacuums; dry; dryer; dryers; du7000; dual; dvd and blu-ray players; dyson; earphones & headphones; electronics; epilator; exercise bikes; extras; facial; fe+; fitness; floor & carpet care; food; food & storage; food preparations; food processors; foodi; for; frameless; freezers; friday; front; fryer,; full; fun cooking; galaxy; games/titles; gaming; gaming accessories; gaming chairs; gaming headsets; gaming monitors; google; gorenje; gray; grey; grill; grundig; hair; hair care; hair clippers; hair curlers; hair dryer; hair dryers; hair straighteners; hair stylers; hand; happy; hard drive; hd; hdr; headsets & microphones; health; health care; health, fitness & beauty; heaters; heating, cooling & air quality; hisense; hoco; home; home accents; home audio & soundbars; home gym; home security; homeware, deco & kitchenware; humidifiers; ice cream & yoghurt makers; ice cube; inch; incl.; ink & toners; instant cameras; inverter; ionic; ipad; ipads; iphones; ipls; iron boards & drying racks; irons; jbl; juice extractors; kettles; kg; kitchen; kitchen appliances; kitchen ware; kitchenaid; l; laptop bags; laptops & computers; laundry & garment care; led; linens; lm6370; load; macbooks; machines; magic; massagers; memory cards; men's shavers; mice & keyboards; microphones; microwaves; mini; mini led tvs; mirrorless cameras; misty; mixer; mixers; mobiles; mobiles & tablets; multi-player games; musical instruments; nan; ninja; ninja,; noise cancellation headphones; offers; office laptops; organizations; os; oscal; outdoor furniture & d√©cor; outdoor heaters; outdoor living & seasonal items; ovens; pad; payment; personal; personal bluetooth speakers; personal scales; photo printers; pizza ovens; power bank; powerbrush; preparation; pro; processor; professional; qled tvs; qned tvs; range hoods; red; refrigerator; refrigerators; remote; robot vacuums; s9; safes; safes & home security; sage; sage,; saj machines; sale; sale sold; samsung galaxy buds; scooters & boards; screen; series; serve ware; set; sharp; shaving & hair removal; sierra; silk-√©pil; silver; small kitchen appliances; smart; smart glasses; smart watches; soccer & tennis tables; software; sold; soundbar; space; speed; speeds; sports & fitness; ssd & storage; stainless; stand; starage; steam mops; steamers; steel; storage; storage items; straightener; straightening; streaming devices; styler; styling; stylus pens; super; super chef; superchef; supersonic; sweepers; swimming & leisure; tab; table linens; table ware; tablet accessories; tablet covers; tablet screen protectors; tahan; tcl; texture; title; title sold; tizen; tools & utensils; touch pads & motion; trashcans; trays; treadmills; trimmers & groomers; tripods & monopods; turbo; tv; tv & audio; tv accessories; tv brackets; tv stands; tvs; uhd; upright vacuums; ups & surge protectors; usb flash drives; usd; usd default; usd sale; usd usd; ut80; vacuum & floor care accessories; vacuum cleaners; vacuums; valera; virtual reality headsets; volume; vrs; waffles & crepe makers; ware; washer; washer/dryers; washers; watch; water dispensers; water pressure machines; watt; watts; wearables; weights & benches; wet; white; wired earphones & headphones; wireless; wireless earbuds; wireless headphones and earphones; wireless speakers; with; wizz; women's hair removal; y12; zone"
Substring Match,abedtahan.com,Missing Tech Keywords (Substring),Apple iPhones; Dell; HP; Huawei; Lenovo; Nintendo Switch; PlayStation; Samsung smartphones; Sony headphones; VR headsets; Xbox; Xiaomi; best smartphones; buy electronics online; buy smartphones online; car electronics; chargers; cheap laptops; computer accessories; computer parts; deals on electronics; digital cameras; discount TVs; eReaders; electronics store; electronics store near mecomputer store in Lebanon; home appliances; latest technology; mouse; networking devices; new technology; offers on smartphones; online electronics store; phone cases; price of laptops; price of smartphones; smart TVs; smart home devices; smart speakers; smartwatches; tech shop; technology retail; where to buy smartphones in Lebanon
Exact Match,hamdanelectronics.com,Common Tech Keywords,apple; cameras; computer accessories; drones; home appliances; laptops; lenovo; lg; mobile accessories; monitors; projectors; samsung; tablets
Exact Match,hamdanelectronics.com,Unique to Website,"&; '; (; (2024); ); ,; -; 0,5; 0,75; 0.25; 0.5; 1; 1,5; 1.2; 1.25; 1.5; 1.7; 1.8; 100; 1200; 122; 13; 1300; 14; 1400; 15; 15.6; 15.6'; 17; 170; 18; 18/10; 1800; 19; 191; 2; 2024; 2100; 22; 2200; 230,; 24; 246; 25; 250; 256; 256gb; 26; 3; 3-tap,; 300; 3000; 30pc,; 310c,; 32; 330; 350; 360; 4; 4,; 4.5; 40; 400; 400ml; 43; 45; 4k; 4k,; 50; 50's; 500; 538; 55; 570; 583; 6; 6,; 6-in-1; 600; 65; 650; 65q70d; 7; 70; 700; 700ml; 716; 75; 8; 800; 85; 8gb; 90; accessories; active; adele; aesthetic; ai; air; air care; air conditioners; air purifier; airpods; american; arrivals; audio & video; auto; automatic; b4; babyliss,; backups & software; bag; bagged; barista; bbq & accessories; beard; beauty & sports; berghoff; black; black/; black/purple; black/silver; blade; blender; blender watts; blender,; blenders; blending; blue; bluetooth; bluetooth devices; bluetooth speakers; bodygroom; bosch; bottom; braun,; brush,; brushes; buds; built; built-in; built-in ovens; c; cake maker; camera's accessories; campomatic; campomatic,; can; cancellation; candy; capacity; care; carpet & floor care; ceramic; charge; choppers; cigar; cigar humidor; cigars,; class; cleaner,; cm; coffee; coffee drip machines; coffee, tea & breakfast; color; combi; compact; compare; compare quickview; computer monitors; computers; connected; contact; contact grills; containers; containers,; controls,; cookers; copy; cord; cordless; corrale‚Ñ¢; crepe makers; crinkle; cruet; crystal; cubic; cup; cup,; curl,; curler,; curling; cutter; ddr4,; deep; defrost,; dehumidifiers; design; desire; digital; dishwashers; dispenser,; dolce; domo,; door; doors; dry stands; dryer; dryer,; dryers; du7000; dual; dust; dyson,; earbuds; earphone; easy; ecobubble‚Ñ¢; ecobubble‚Ñ¢,; electric; electric ovens; electronics; elica; emergency lights; epilators; espresso machines; essentials; exercise bikes; extras,; face; fans; feet,; ferrari,; fhd; fhd,; flatware; flip; fondue; fontaine; food preparation; food processors; foot care; four; frameless; frameless,; framless; free; free-standing; freezer; freezer,; freezers; freezing; fridge; fridge-freezer,; frost; frost,; frother,; fryer; fryers; full; fun cooking; function; function,; g; gabbana; gaming; gaming accessories; garment care; gb; glam; gold; gr; grey; grill,; grills & bbq; grinder,; ground; gym balls; hair; hair care; hair curlers; hair dryers; hair straighteners; hand blenders; hand mixers; hausberg,; hd; hdmi; hdmi,; headset,; headsets; healthy; heated; heaters; hello spring üå∏; heritage; high; hisense; hisense,; hobbs,; home; home improvement; home smart; hood; hoover,; humidifiers; humidor,; hybrid; hyundai; ice cream makers; ideapad; in; inch; inches; inches,; ink & toners; inner; inox; instaview‚Ñ¢; intense; inverter; inverter,; ionic; iontec; iparah,; iparah-; ipl laser; ipro; iron; iron boards; is; italy,; jbl; jbl,; jug; jug,; juicer,; juicers & juice extractors; kelon,; kenwood,; keratin; kettles; kg,; kinelco,; kit,; kitchen accessories; kitchen appliances; kitchen machines; kitchen scales; kitchenware; knock; kumtel,; l; l,; landlines; laptop,; large appliances; led; led,; lenovo,; lg,; liquafruits; lithium batteries; load; loading; love'; luxell,; machines; made; magimix,; maker; maker,; massage chairs; matt; matte; measuring; medical care; metal/glass; microphones; microwaves; milk; mill,; mini; mirror; ml; ml,; mobile; mobiles & tablets; moulinex,; mount; multi-blender,; multistyler,; musical instruments; my; nan; networking & routers; new; new arrivals; new westmark; new wishlist; no; noise; norelco; notebook,; nutriboost; nvme; nvme,; of; oled; olimpic; olimpic,; olive; one; opener; os; other; oven,; panasonic,; pans and pots; pastel; pepper; personal; philips; philips,; piano & keyboards; pieces; pincer; popcorn makers; portable; power; power banks & chargers; powerful; precision; premium; printers and scanners; pro; professional; protect; purple; pyrex; q60d; qled; quantum; quickview; raclette makers; ram,; range hobs; range hoods; ready,; receiver,; recommended; red; refrigerator; refrigerator,; refrigerators; remington,; retro; rpm,; russell; safe cabine; sale; salt; samsung,; satin; scooter; secret; series; set,; shaker; shaker,; sharp; shaver; shavers & trimmers; shine; sicily; silver; single; size; skin care; sleek; slim; slimlook; smart; smart watches; smart,; smeg,; smooth; sony playstation; sound; sound bar; speaker; speakers & home theatres; spice; spiral; sport machines; ssd; stages,; stainless; stainless steel; stand; stand blenders; stand mixers; steam irons; steamers & rice cookers; steel; stoner; storage; storage devices; straight; straightener; straightener,; straightening; strainer; style; stylecare; styler; swiss diamond; switch; system; table tops; taurus,; technology,; tefal cookware; temperature; thermometers; titles; tizen; toasters; toothbrush; top; toshiba; toshiba,; travel; treadmills; trimmer; trimmer,; true; tune; turkish; tv; tv smart box; tv,; tvs; twist; type; uhd; ultra; upright vacuums; ups; usb; usb,; use; ut8000; vacuum; vacuum canisters; vertical steamers; victorinox knifes; waffle maker; washer,; washers-dryers; washing machines; water; water dispensers; water pressures; waterproof; watts; watts,; wave; webos; westmark; westmark,; white; wide; wine; wired; wireless; wishlist; wishlist compare; with; wsk; yes; √∏"
Exact Match,hamdanelectronics.com,Missing Tech Keywords,apple iphones; best smartphones; buy electronics online; buy smartphones online; camera lenses; car electronics; chargers; cheap laptops; computer parts; deals on electronics; dell; desktop computers; digital cameras; discount tvs; dslr cameras; electronics store; electronics store near mecomputer store in lebanon; ereaders; fitness trackers; gaming consoles; gaming laptops; headphones; hp; huawei; keyboards; latest technology; led tvs; mouse; networking devices; new technology; nintendo switch; offers on smartphones; oled tvs; online electronics store; phone cases; playstation; price of laptops; price of smartphones; printers; routers; samsung smartphones; screen protectors; smart home devices; smart speakers; smart tvs; smartphones; smartwatches; sony; sony headphones; speakers; tech shop; technology retail; televisions; virtual reality; vr headsets; where to buy smartphones in lebanon; xbox; xiaomi
Substring Match,hamdanelectronics.com,Tech Keywords Found as Substrings,apple; cameras; chargers; computer accessories; drones; home appliances; keyboards; laptops; lenovo; lg; mobile accessories; monitors; playstation; printers; projectors; routers; samsung; sony; speakers; tablets
Substring Match,hamdanelectronics.com,Unique to Website (Original Case),"&; '; (; (2024); ); ,; -; 0,5; 0,75; 0.25; 0.5; 1; 1,5; 1.2; 1.25; 1.5; 1.7; 1.8; 100; 1200; 122; 13; 1300; 14; 1400; 15; 15.6; 15.6'; 17; 170; 18; 18/10; 1800; 19; 191; 2; 2024; 2100; 22; 2200; 230,; 24; 246; 25; 250; 256; 256gb; 26; 3; 3-tap,; 300; 3000; 30pc,; 310c,; 32; 330; 350; 360; 4; 4,; 4.5; 40; 400; 400ml; 43; 45; 4k; 4k,; 50; 50's; 500; 538; 55; 570; 583; 6; 6,; 6-in-1; 600; 65; 650; 65q70d; 7; 70; 700; 700ml; 716; 75; 8; 800; 85; 8gb; 90; accessories; active; adele; aesthetic; ai; air; air care; air conditioners; air purifier; airpods; american; arrivals; audio & video; auto; automatic; b4; babyliss,; backups & software; bag; bagged; barista; bbq & accessories; beard; beauty & sports; berghoff; black; black/; black/purple; black/silver; blade; blender; blender watts; blender,; blenders; blending; blue; bluetooth; bluetooth devices; bluetooth speakers; bodygroom; bosch; bottom; braun,; brush,; brushes; buds; built; built-in; built-in ovens; c; cake maker; camera's accessories; campomatic; campomatic,; can; cancellation; candy; capacity; care; carpet & floor care; ceramic; charge; choppers; cigar; cigar humidor; cigars,; class; cleaner,; cm; coffee; coffee drip machines; coffee, tea & breakfast; color; combi; compact; compare; compare quickview; computer monitors; computers; connected; contact; contact grills; containers; containers,; controls,; cookers; copy; cord; cordless; corrale‚Ñ¢; crepe makers; crinkle; cruet; crystal; cubic; cup; cup,; curl,; curler,; curling; cutter; ddr4,; deep; defrost,; dehumidifiers; design; desire; digital; dishwashers; dispenser,; dolce; domo,; door; doors; dry stands; dryer; dryer,; dryers; du7000; dual; dust; dyson,; earbuds; earphone; easy; ecobubble‚Ñ¢; ecobubble‚Ñ¢,; electric; electric ovens; electronics; elica; emergency lights; epilators; espresso machines; essentials; exercise bikes; extras,; face; fans; feet,; ferrari,; fhd; fhd,; flatware; flip; fondue; fontaine; food preparation; food processors; foot care; four; frameless; frameless,; framless; free; free-standing; freezer; freezer,; freezers; freezing; fridge; fridge-freezer,; frost; frost,; frother,; fryer; fryers; full; fun cooking; function; function,; g; gabbana; gaming; gaming accessories; garment care; gb; glam; gold; gr; grey; grill,; grills & bbq; grinder,; ground; gym balls; hair; hair care; hair curlers; hair dryers; hair straighteners; hand blenders; hand mixers; hausberg,; hd; hdmi; hdmi,; headset,; headsets; healthy; heated; heaters; hello spring üå∏; heritage; high; hisense; hisense,; hobbs,; home; home improvement; home smart; hood; hoover,; humidifiers; humidor,; hybrid; hyundai; ice cream makers; ideapad; in; inch; inches; inches,; ink & toners; inner; inox; instaview‚Ñ¢; intense; inverter; inverter,; ionic; iontec; iparah,; iparah-; ipl laser; ipro; iron; iron boards; is; italy,; jbl; jbl,; jug; jug,; juicer,; juicers & juice extractors; kelon,; kenwood,; keratin; kettles; kg,; kinelco,; kit,; kitchen accessories; kitchen appliances; kitchen machines; kitchen scales; kitchenware; knock; kumtel,; l; l,; landlines; laptop,; large appliances; led; led,; lenovo,; lg,; liquafruits; lithium batteries; load; loading; love'; luxell,; machines; made; magimix,; maker; maker,; massage chairs; matt; matte; measuring; medical care; metal/glass; microphones; microwaves; milk; mill,; mini; mirror; ml; ml,; mobile; mobiles & tablets; moulinex,; mount; multi-blender,; multistyler,; musical instruments; my; nan; networking & routers; new; new arrivals; new westmark; new wishlist; no; noise; norelco; notebook,; nutriboost; nvme; nvme,; of; oled; olimpic; olimpic,; olive; one; opener; os; other; oven,; panasonic,; pans and pots; pastel; pepper; personal; philips; philips,; piano & keyboards; pieces; pincer; popcorn makers; portable; power; power banks & chargers; powerful; precision; premium; printers and scanners; pro; professional; protect; purple; pyrex; q60d; qled; quantum; quickview; raclette makers; ram,; range hobs; range hoods; ready,; receiver,; recommended; red; refrigerator; refrigerator,; refrigerators; remington,; retro; rpm,; russell; safe cabine; sale; salt; samsung,; satin; scooter; secret; series; set,; shaker; shaker,; sharp; shaver; shavers & trimmers; shine; sicily; silver; single; size; skin care; sleek; slim; slimlook; smart; smart watches; smart,; smeg,; smooth; sony playstation; sound; sound bar; speaker; speakers & home theatres; spice; spiral; sport machines; ssd; stages,; stainless; stainless steel; stand; stand blenders; stand mixers; steam irons; steamers & rice cookers; steel; stoner; storage; storage devices; straight; straightener; straightener,; straightening; strainer; style; stylecare; styler; swiss diamond; switch; system; table tops; taurus,; technology,; tefal cookware; temperature; thermometers; titles; tizen; toasters; toothbrush; top; toshiba; toshiba,; travel; treadmills; trimmer; trimmer,; true; tune; turkish; tv; tv smart box; tv,; tvs; twist; type; uhd; ultra; upright vacuums; ups; usb; usb,; use; ut8000; vacuum; vacuum canisters; vertical steamers; victorinox knifes; waffle maker; washer,; washers-dryers; washing machines; water; water dispensers; water pressures; waterproof; watts; watts,; wave; webos; westmark; westmark,; white; wide; wine; wired; wireless; wishlist; wishlist compare; with; wsk; yes; √∏"
Substring Match,hamdanelectronics.com,Missing Tech Keywords (Substring),Apple iPhones; DSLR cameras; Dell; HP; Huawei; LED TVs; Nintendo Switch; OLED TVs; Samsung smartphones; Sony headphones; VR headsets; Xbox; Xiaomi; best smartphones; buy electronics online; buy smartphones online; camera lenses; car electronics; cheap laptops; computer parts; deals on electronics; desktop computers; digital cameras; discount TVs; eReaders; electronics store; electronics store near mecomputer store in Lebanon; fitness trackers; gaming consoles; gaming laptops; headphones; latest technology; mouse; networking devices; new technology; offers on smartphones; online electronics store; phone cases; price of laptops; price of smartphones; screen protectors; smart TVs; smart home devices; smart speakers; smartphones; smartwatches; tech shop; technology retail; televisions; virtual reality; where to buy smartphones in Lebanon
Exact Match,beytech.com.lb,Common Tech Keywords,apple; cameras; computer accessories; gaming consoles; home appliances; laptops; monitors; projectors; tablets; televisions
Exact Match,beytech.com.lb,Unique to Website,"&; 'exclusively; (a315-510p-35zj); (up; +; -; 0002762/np; 0005327; 0005356; 1.7l; 10x; 12,000; 1200; 13; 163001; 18; 1x; 2; 2022059; 22mm; 24x4.5cm; 29√ó28; 3; 3.8l; 30.5cm; 300ml; 300w; 307l; 33; 38510; 38cm; 39x25x7cm; 3m; 3pcs; 492943; 5; 6; 60; 60√ó55; 64gb; 6pc; 7; 70; 723u; 8; 800w; 9; 9000; 900w; 90cm; 9436e; ac-205; accessories; acer; activity; af5600; afd-631cb; air; air conditioners; air coolers; air purifiers; alessi; alpina; and; appliances; ariston; arm; arrivals!; arts & crafts; as09shdhra; as12pb3hra; aspire; at; audio; av accessories; baby; baby & toddler; baby & toys; baby health & safety; baby toys; babyliss; bags; bakeware & accessories; baking; bath; bath time; bathroom; bathroom accessories; be0908; beach & pool accessories; beauty & healthcare; bed & bath; bergner; best; beurer; beytech; beytech'; beytech‚Äù; bf183; bf600; bg-20251-rd; bg-3210; bg-50054-cp; bgeu-1594; bgmp-2145; bgmp-2212; bialetti; big; bins & containers; biolos; black; black price; blankets & throws; blender; blood; blood pressure monitors; blu-ray & dvd players; blue; bm27; body care; bones; books; books & stationery; bottles; bottom; bouncers walkers & baby chairs; breakfast; browse; btu; building and blocks; built-in; built-in coffee makers; bundle; by; by550d10; cameras & smart locks; camping & hiking; car seats & strollers; card games; care; cars & bicycles; characters & action figures; chef; children's books; chopper,; circuits & guns; cm; cm+; coffee; color; combi; computer software; computers & accessories; conditioner; container; cooker; cookers; cooking crafts & home; cookware; cookware & accessories; cool; cooler; cooling, heating & air quality; costumes & accessories; cup; cups; cups & mugs; cups,; deep; dehumidifiers; desk light; diagnostic; dish; dishwasher; dishwashers; dolce&; dolce&gabbana; dolls & princesses; double; dryer; dryers; e; edition; education & teaching; electric massagers; electric ovens; electronic games; electronics; email; email address; emergency & flash lights; ena; epilators; espresso; ex; express; extractor; eye care; face care; fans; fd5110; feeding; fitbit; fitness; floor light; food; food preparation; foot; for; free; freestanding; freezers; fresh; frigidaire; fryer; frypan; g2; g90bl; gabbana; games; games and puzzles; gaming; gaming accessories; gaming zone; garden accessories; gardening pots; garment care; gas; gc655; gift card; girls; grills; grills & outdoor cooking; gun; haier; hair; hair care; hand; hand & nail care; hand dryers; hand tools; hdwe1338cs1iq; healthcare; heat; heating; heating pads; hob; hobs; home; home & deco; home & kitchen; home audio & video; home decoration; home kitchen; hood; hoods; hr1916; humidifiers; ignacio; ind; induction; ink&toners; insect killer; installation; interactive & learning toys; inverter; ipad; ipad & tablets; juice; jura; kettle; kg,; khwd1; kickscooter; kitchen; kitchen & bath fixtures; kitchen & dining; kitchen gadgets; kitchen scales; kitchenaid; kmqfx33910; knife and cutlery accessories; landlines; laptop; large appliances; latest; light; light bulbs; limited; list; liters; litres; machine; maker; makeup; massage; masterpro; max; meal time; media storage; medical products; mediterrean; men grooming; metropolitan; mg79; microwave; microwaves; mini; mirror; mirrors; mobiles; mobiles & tablets; mobiles & tablets accessories; moka; monitor; moulinex; mount; mystic; nan; new; ninebot; ns; o60fgb; of; offers; offers audio video; offers big appliances; offers it; offers personal care & health care; offers small appliances; offers sports & outdoors; offers!; office & school supplies; on; oral care; outdoors; oven; ovens; pain therapy and muscle stimulation; password; personal; personal care; personal scales; philips; pipes); place; playhouses; pools & inflatable; pools & water toys; power tools; pressure; price; price price; princess; printers & scanners; rectangular; refrigerator; refrigerators; relaxation & sleep time; rpm,; s/s; safety & security; saj; sale; sale!; san; scale; scooters & bicycles; segway; sellers!; sense; sensus; serveware; set; settings; shop; shop shop; sided; silicon; silver; skateboards ; slim; small; small appliances; smart; soft toys; special; special offers!; specialty appliances; speeds; split; sport activities & trampolines; sports; sports & fitness; sports & outdoors; sports equipment; sports outdoors; ss; st325e; stainless; stationery; steel; storage & organization; straightener; subito; sunglasses & eyeglasses; table & swings; tableware; tea and coffee service; teal; tennis & racquet sports; tg; thermoelectric; thermometers; time; to; tongs; tools & home improvement; topaz; toys; toys & games; tracker; trackers; trending; tv brackets & stands; twistshake; ufesa; ultra; upper; vacuums & floor care; variety; vehicles; video games; vivino; w2447e; warming drawers; washer dryers; washing; washing machines; watch; water dispensers; waves; wc-18; wedding list; wellness & relaxation; white; wine; wine coolers & cigar humidors; with; wok; ysdh-10; |; ‚Äúexclusively"
Exact Match,beytech.com.lb,Missing Tech Keywords,apple iphones; best smartphones; buy electronics online; buy smartphones online; camera lenses; car electronics; chargers; cheap laptops; computer parts; deals on electronics; dell; desktop computers; digital cameras; discount tvs; drones; dslr cameras; electronics store; electronics store near mecomputer store in lebanon; ereaders; fitness trackers; gaming laptops; headphones; hp; huawei; keyboards; latest technology; led tvs; lenovo; lg; mobile accessories; mouse; networking devices; new technology; nintendo switch; offers on smartphones; oled tvs; online electronics store; phone cases; playstation; price of laptops; price of smartphones; printers; routers; samsung; samsung smartphones; screen protectors; smart home devices; smart speakers; smart tvs; smartphones; smartwatches; sony; sony headphones; speakers; tech shop; technology retail; virtual reality; vr headsets; where to buy smartphones in lebanon; xbox; xiaomi
Substring Match,beytech.com.lb,Tech Keywords Found as Substrings,apple; cameras; computer accessories; gaming consoles; home appliances; laptops; monitors; printers; projectors; tablets; televisions
Substring Match,beytech.com.lb,Unique to Website (Original Case),"&; 'exclusively; (a315-510p-35zj); (up; +; -; 0002762/np; 0005327; 0005356; 1.7l; 10x; 12,000; 1200; 13; 163001; 18; 1x; 2; 2022059; 22mm; 24x4.5cm; 29√ó28; 3; 3.8l; 30.5cm; 300ml; 300w; 307l; 33; 38510; 38cm; 39x25x7cm; 3m; 3pcs; 492943; 5; 6; 60; 60√ó55; 64gb; 6pc; 7; 70; 723u; 8; 800w; 9; 9000; 900w; 90cm; 9436e; ac-205; accessories; acer; activity; af5600; afd-631cb; air; air conditioners; air coolers; air purifiers; alessi; alpina; and; appliances; ariston; arm; arrivals!; arts & crafts; as09shdhra; as12pb3hra; aspire; at; audio; av accessories; baby; baby & toddler; baby & toys; baby health & safety; baby toys; babyliss; bags; bakeware & accessories; baking; bath; bath time; bathroom; bathroom accessories; be0908; beach & pool accessories; beauty & healthcare; bed & bath; bergner; best; beurer; beytech; beytech'; beytech‚Äù; bf183; bf600; bg-20251-rd; bg-3210; bg-50054-cp; bgeu-1594; bgmp-2145; bgmp-2212; bialetti; big; bins & containers; biolos; black; black price; blankets & throws; blender; blood; blood pressure monitors; blu-ray & dvd players; blue; bm27; body care; bones; books; books & stationery; bottles; bottom; bouncers walkers & baby chairs; breakfast; browse; btu; building and blocks; built-in; built-in coffee makers; bundle; by; by550d10; cameras & smart locks; camping & hiking; car seats & strollers; card games; care; cars & bicycles; characters & action figures; chef; children's books; chopper,; circuits & guns; cm; cm+; coffee; color; combi; computer software; computers & accessories; conditioner; container; cooker; cookers; cooking crafts & home; cookware; cookware & accessories; cool; cooler; cooling, heating & air quality; costumes & accessories; cup; cups; cups & mugs; cups,; deep; dehumidifiers; desk light; diagnostic; dish; dishwasher; dishwashers; dolce&; dolce&gabbana; dolls & princesses; double; dryer; dryers; e; edition; education & teaching; electric massagers; electric ovens; electronic games; electronics; email; email address; emergency & flash lights; ena; epilators; espresso; ex; express; extractor; eye care; face care; fans; fd5110; feeding; fitbit; fitness; floor light; food; food preparation; foot; for; free; freestanding; freezers; fresh; frigidaire; fryer; frypan; g2; g90bl; gabbana; games; games and puzzles; gaming; gaming accessories; gaming zone; garden accessories; gardening pots; garment care; gas; gc655; gift card; girls; grills; grills & outdoor cooking; gun; haier; hair; hair care; hand; hand & nail care; hand dryers; hand tools; hdwe1338cs1iq; healthcare; heat; heating; heating pads; hob; hobs; home; home & deco; home & kitchen; home audio & video; home decoration; home kitchen; hood; hoods; hr1916; humidifiers; ignacio; ind; induction; ink&toners; insect killer; installation; interactive & learning toys; inverter; ipad; ipad & tablets; juice; jura; kettle; kg,; khwd1; kickscooter; kitchen; kitchen & bath fixtures; kitchen & dining; kitchen gadgets; kitchen scales; kitchenaid; kmqfx33910; knife and cutlery accessories; landlines; laptop; large appliances; latest; light; light bulbs; limited; list; liters; litres; machine; maker; makeup; massage; masterpro; max; meal time; media storage; medical products; mediterrean; men grooming; metropolitan; mg79; microwave; microwaves; mini; mirror; mirrors; mobiles; mobiles & tablets; mobiles & tablets accessories; moka; monitor; moulinex; mount; mystic; nan; new; ninebot; ns; o60fgb; of; offers; offers audio video; offers big appliances; offers it; offers personal care & health care; offers small appliances; offers sports & outdoors; offers!; office & school supplies; on; oral care; outdoors; oven; ovens; pain therapy and muscle stimulation; password; personal; personal care; personal scales; philips; pipes); place; playhouses; pools & inflatable; pools & water toys; power tools; pressure; price; price price; princess; printers & scanners; rectangular; refrigerator; refrigerators; relaxation & sleep time; rpm,; s/s; safety & security; saj; sale; sale!; san; scale; scooters & bicycles; segway; sellers!; sense; sensus; serveware; set; settings; shop; shop shop; sided; silicon; silver; skateboards ; slim; small; small appliances; smart; soft toys; special; special offers!; specialty appliances; speeds; split; sport activities & trampolines; sports; sports & fitness; sports & outdoors; sports equipment; sports outdoors; ss; st325e; stainless; stationery; steel; storage & organization; straightener; subito; sunglasses & eyeglasses; table & swings; tableware; tea and coffee service; teal; tennis & racquet sports; tg; thermoelectric; thermometers; time; to; tongs; tools & home improvement; topaz; toys; toys & games; tracker; trackers; trending; tv brackets & stands; twistshake; ufesa; ultra; upper; vacuums & floor care; variety; vehicles; video games; vivino; w2447e; warming drawers; washer dryers; washing; washing machines; watch; water dispensers; waves; wc-18; wedding list; wellness & relaxation; white; wine; wine coolers & cigar humidors; with; wok; ysdh-10; |; ‚Äúexclusively"
Substring Match,beytech.com.lb,Missing Tech Keywords (Substring),Apple iPhones; DSLR cameras; Dell; HP; Huawei; LED TVs; LG; Lenovo; Nintendo Switch; OLED TVs; PlayStation; Samsung; Samsung smartphones; Sony; Sony headphones; VR headsets; Xbox; Xiaomi; best smartphones; buy electronics online; buy smartphones online; camera lenses; car electronics; chargers; cheap laptops; computer parts; deals on electronics; desktop computers; digital cameras; discount TVs; drones; eReaders; electronics store; electronics store near mecomputer store in Lebanon; fitness trackers; gaming laptops; headphones; keyboards; latest technology; mobile accessories; mouse; networking devices; new technology; offers on smartphones; online electronics store; phone cases; price of laptops; price of smartphones; routers; screen protectors; smart TVs; smart home devices; smart speakers; smartphones; smartwatches; speakers; tech shop; technology retail; virtual reality; where to buy smartphones in Lebanon
