Timestamp,Main Category,Product Category,Product Name,Current Price,Original Price
2025-04-06 20:25:38,Televisions,LG,LG LED 43' FULL HD HDR SMART TV LM6370 SERIES,$269 USD,$319 USD
2025-04-06 20:25:38,Televisions,SAMSUNG,Samsung 43'' Crystal UHD DU7000 4K Tizen OS Smart TV,$349 USD,$409 USD
2025-04-06 20:25:38,Televisions,TCL,TCL Frameless 43' Full HD HDR Smart Android TV,$239 USD,$269 USD
2025-04-06 20:25:38,Televisions,TCL,TCL Frameless 32' Full HD HDR Smart Android TV,$139 USD,$159 USD
2025-04-06 20:25:38,Televisions,TCL,TCL Frameless 40' Full HD HDR Smart Android TV,$225 USD,$249 USD
2025-04-06 20:25:38,Televisions,LG,LG 70 Inch LG UHD AI UT80 4K Smart TV AI Magic Remote,$889 USD,$949 USD
2025-04-06 20:25:38,Televisions,TCL,TCL Mini Led 65' 4K Smart Google TV,$999 USD,"$1,199 USD"
2025-04-06 20:25:38,Televisions,SONY,Sony BRAVIA 3 - 55' Class LED 4K HDR Google TV,$729 USD,$829 USD
2025-04-06 20:25:38,Televisions,SONY,SONY LED 65' 4K LED WITH SMART Google TV,$799 USD,$949 USD
2025-04-06 20:25:38,Beauty and Personal Care,BRAUN,Braun Silk-Épil Wet & Dry Epilator With 4 Extras Incl.,$89 USD,$115 USD
2025-04-06 20:25:38,Beauty and Personal Care,GRUNDIG,Grundig Hair Dryer 2300W (Black),$49 USD,$59 USD
2025-04-06 20:25:38,Beauty and Personal Care,GRUNDIG,Grundig Hair Styler For Straightening And Curling,$39 USD,$59 USD
2025-04-06 20:25:38,Beauty and Personal Care,GRUNDIG,Grundig Cordless Hair Straightener 200°C,$35 USD,$59 USD
2025-04-06 20:25:38,Beauty and Personal Care,GRUNDIG,Grundig Mini Hair Straightener,$25 USD,$49 USD
2025-04-06 20:25:38,Beauty and Personal Care,GRUNDIG,Grundig Cordless Hair Curler,$99 USD,$129 USD
2025-04-06 20:25:38,Beauty and Personal Care,BRAUN,Braun Epilator Series 5 Facial Cleaning,$119 USD,$149 USD
2025-04-06 20:25:38,Beauty and Personal Care,GRUNDIG,Grundig Hair Dryer 2200w Ionic Hair Dryer,$39 USD,$49 USD
2025-04-06 20:25:38,Beauty and Personal Care,VALERA,Valera Professional Hair Crimper For Volume And Texture,$39 USD,$69 USD
2025-04-06 20:25:38,Beauty and Personal Care,DYSON,Dyson Supersonic Hair Dryer Styling Attachments,$529 USD,$649 USD
2025-04-06 20:25:38,Tablets,OSCAL,OSCAL PAD 7- 4GB- 128GB STORAGE - Misty Grey,$125 USD,$155 USD
2025-04-06 20:25:38,Tablets,APPLE,IPad 10.9' 256GB - Blue,$449 USD,$505 USD
2025-04-06 20:25:38,Tablets,SAMSUNG,SAMSUNG Galaxy Tab S9 FE+ 12.4'- 8GB- 128GB Starage - Silver,$415 USD,$449 USD
2025-04-06 20:25:38,Tablets,SAMSUNG,SAMSUNG Galaxy Tab A9- 11'- 8GB- 128GB STORAGE - Grey,$199 USD,$215 USD
2025-04-06 20:25:38,Tablets,OSCAL,Oscal Pad 70- 4GB- 128GB Storage - Blue,$105 USD,$122 USD
2025-04-06 20:25:38,Tablets,OSCAL,OSCAL PAD 13- 8GB- 256GB STORAGE - Space Gray,$175 USD,$195 USD
2025-04-06 20:25:38,Tablets,OSCAL,OSCAL PAD 16- 8GB- 256GB STORAGE - Sierra Blue,$195 USD,$245 USD
2025-04-06 20:25:38,Food Preparation,KITCHEN AID,KitchenAid 2 Speed Hand Blender 180 Watts Red,$49 USD,$129 USD
2025-04-06 20:25:38,Food Preparation,NINJA,"Ninja, Foodi Health Grill & Air Fryer, 1760W",$249 USD,$399 USD
2025-04-06 20:25:38,Food Preparation,GORENJE,Gorenje Hand Blender Set 1000w Stainless Steel,$49 USD,$99 USD
2025-04-06 20:25:38,Food Preparation,NINJA,"Ninja, 3-In-1 Hand Blender, 850W",$199 USD,$279 USD
2025-04-06 20:25:38,Food Preparation,NINJA,"Ninja, Dual Zone Air Fryer, 7.6 L",$299 USD,$399 USD
2025-04-06 20:25:38,Food Preparation,SUPER CHEF,SuperChef Food Processor 800w 2 L 3 Speeds,$45 USD,$79 USD
2025-04-06 20:25:38,Food Preparation,SAGE,"Sage, Bakery Boss Stand Mixer Stainless Steel",$529 USD,$739 USD
2025-04-06 20:25:38,Food Preparation,SAGE,"Sage, Kitchen Wizz Food Processor 15 Pro",$479 USD,$739 USD
2025-04-06 20:25:38,Food Preparation,KITCHEN AID,KitchenAid 14 3.3 L Cup Food Processor 300 Watt White,$249 USD,$499 USD
2025-04-06 21:42:14,Televisions,LG,LG LED 43' FULL HD HDR SMART TV LM6370 SERIES,$269 USD,$319 USD
2025-04-06 21:42:14,Televisions,SAMSUNG,Samsung 43'' Crystal UHD DU7000 4K Tizen OS Smart TV,$349 USD,$409 USD
2025-04-06 21:42:14,Televisions,TCL,TCL Frameless 43' Full HD HDR Smart Android TV,$239 USD,$269 USD
2025-04-06 21:42:14,Televisions,TCL,TCL Frameless 32' Full HD HDR Smart Android TV,$139 USD,$159 USD
2025-04-06 21:42:14,Televisions,TCL,TCL Frameless 40' Full HD HDR Smart Android TV,$225 USD,$249 USD
2025-04-06 21:42:14,Televisions,LG,LG 70 Inch LG UHD AI UT80 4K Smart TV AI Magic Remote,$889 USD,$949 USD
2025-04-06 21:42:14,Televisions,TCL,TCL Mini Led 65' 4K Smart Google TV,$999 USD,"$1,199 USD"
2025-04-06 21:42:14,Televisions,SONY,Sony BRAVIA 3 - 55' Class LED 4K HDR Google TV,$729 USD,$829 USD
2025-04-06 21:42:14,Televisions,SONY,SONY LED 65' 4K LED WITH SMART Google TV,$799 USD,$949 USD
2025-04-06 21:42:14,Beauty and Personal Care,BRAUN,Braun Silk-Épil Wet & Dry Epilator With 4 Extras Incl.,$89 USD,$115 USD
2025-04-06 21:42:14,Beauty and Personal Care,GRUNDIG,Grundig Hair Dryer 2300W (Black),$49 USD,$59 USD
2025-04-06 21:42:14,Beauty and Personal Care,GRUNDIG,Grundig Hair Styler For Straightening And Curling,$39 USD,$59 USD
2025-04-06 21:42:14,Beauty and Personal Care,GRUNDIG,Grundig Cordless Hair Straightener 200°C,$35 USD,$59 USD
2025-04-06 21:42:14,Beauty and Personal Care,GRUNDIG,Grundig Mini Hair Straightener,$25 USD,$49 USD
2025-04-06 21:42:14,Beauty and Personal Care,GRUNDIG,Grundig Cordless Hair Curler,$99 USD,$129 USD
2025-04-06 21:42:14,Beauty and Personal Care,BRAUN,Braun Epilator Series 5 Facial Cleaning,$119 USD,$149 USD
2025-04-06 21:42:14,Beauty and Personal Care,GRUNDIG,Grundig Hair Dryer 2200w Ionic Hair Dryer,$39 USD,$49 USD
2025-04-06 21:42:14,Beauty and Personal Care,VALERA,Valera Professional Hair Crimper For Volume And Texture,$39 USD,$69 USD
2025-04-06 21:42:14,Beauty and Personal Care,DYSON,Dyson Supersonic Hair Dryer Styling Attachments,$529 USD,$649 USD
2025-04-06 21:42:14,Tablets,OSCAL,OSCAL PAD 7- 4GB- 128GB STORAGE - Misty Grey,$125 USD,$155 USD
2025-04-06 21:42:14,Tablets,APPLE,IPad 10.9' 256GB - Blue,$449 USD,$505 USD
2025-04-06 21:42:14,Tablets,SAMSUNG,SAMSUNG Galaxy Tab S9 FE+ 12.4'- 8GB- 128GB Starage - Silver,$415 USD,$449 USD
2025-04-06 21:42:14,Tablets,SAMSUNG,SAMSUNG Galaxy Tab A9- 11'- 8GB- 128GB STORAGE - Grey,$199 USD,$215 USD
2025-04-06 21:42:14,Tablets,OSCAL,Oscal Pad 70- 4GB- 128GB Storage - Blue,$105 USD,$122 USD
2025-04-06 21:42:14,Tablets,OSCAL,OSCAL PAD 13- 8GB- 256GB STORAGE - Space Gray,$175 USD,$195 USD
2025-04-06 21:42:14,Tablets,OSCAL,OSCAL PAD 16- 8GB- 256GB STORAGE - Sierra Blue,$195 USD,$245 USD
2025-04-06 21:42:14,Food Preparation,KITCHEN AID,KitchenAid 2 Speed Hand Blender 180 Watts Red,$49 USD,$129 USD
2025-04-06 21:42:14,Food Preparation,NINJA,"Ninja, Foodi Health Grill & Air Fryer, 1760W",$249 USD,$399 USD
2025-04-06 21:42:14,Food Preparation,GORENJE,Gorenje Hand Blender Set 1000w Stainless Steel,$49 USD,$99 USD
2025-04-06 21:42:14,Food Preparation,NINJA,"Ninja, 3-In-1 Hand Blender, 850W",$199 USD,$279 USD
2025-04-06 21:42:14,Food Preparation,NINJA,"Ninja, Dual Zone Air Fryer, 7.6 L",$299 USD,$399 USD
2025-04-06 21:42:14,Food Preparation,SUPER CHEF,SuperChef Food Processor 800w 2 L 3 Speeds,$45 USD,$79 USD
2025-04-06 21:42:14,Food Preparation,SAGE,"Sage, Bakery Boss Stand Mixer Stainless Steel",$529 USD,$739 USD
2025-04-06 21:42:14,Food Preparation,SAGE,"Sage, Kitchen Wizz Food Processor 15 Pro",$479 USD,$739 USD
2025-04-06 21:42:14,Food Preparation,KITCHEN AID,KitchenAid 14 3.3 L Cup Food Processor 300 Watt White,$249 USD,$499 USD
2025-04-06 21:55:50,Televisions,LG,LG LED 43' FULL HD HDR SMART TV LM6370 SERIES,$269 USD,$319 USD
2025-04-06 21:55:50,Televisions,SAMSUNG,Samsung 43'' Crystal UHD DU7000 4K Tizen OS Smart TV,$349 USD,$409 USD
2025-04-06 21:55:50,Televisions,TCL,TCL Frameless 43' Full HD HDR Smart Android TV,$239 USD,$269 USD
2025-04-06 21:55:50,Televisions,TCL,TCL Frameless 32' Full HD HDR Smart Android TV,$139 USD,$159 USD
2025-04-06 21:55:50,Televisions,TCL,TCL Frameless 40' Full HD HDR Smart Android TV,$225 USD,$249 USD
2025-04-06 21:55:50,Televisions,LG,LG 70 Inch LG UHD AI UT80 4K Smart TV AI Magic Remote,$889 USD,$949 USD
2025-04-06 21:55:50,Televisions,TCL,TCL Mini Led 65' 4K Smart Google TV,$999 USD,"$1,199 USD"
2025-04-06 21:55:50,Televisions,SONY,Sony BRAVIA 3 - 55' Class LED 4K HDR Google TV,$729 USD,$829 USD
2025-04-06 21:55:50,Televisions,SONY,SONY LED 65' 4K LED WITH SMART Google TV,$799 USD,$949 USD
2025-04-06 21:55:50,Beauty and Personal Care,BRAUN,Braun Silk-Épil Wet & Dry Epilator With 4 Extras Incl.,$89 USD,$115 USD
2025-04-06 21:55:50,Beauty and Personal Care,GRUNDIG,Grundig Hair Dryer 2300W (Black),$49 USD,$59 USD
2025-04-06 21:55:50,Beauty and Personal Care,GRUNDIG,Grundig Hair Styler For Straightening And Curling,$39 USD,$59 USD
2025-04-06 21:55:50,Beauty and Personal Care,GRUNDIG,Grundig Cordless Hair Straightener 200°C,$35 USD,$59 USD
2025-04-06 21:55:50,Beauty and Personal Care,GRUNDIG,Grundig Mini Hair Straightener,$25 USD,$49 USD
2025-04-06 21:55:50,Beauty and Personal Care,GRUNDIG,Grundig Cordless Hair Curler,$99 USD,$129 USD
2025-04-06 21:55:50,Beauty and Personal Care,BRAUN,Braun Epilator Series 5 Facial Cleaning,$119 USD,$149 USD
2025-04-06 21:55:50,Beauty and Personal Care,GRUNDIG,Grundig Hair Dryer 2200w Ionic Hair Dryer,$39 USD,$49 USD
2025-04-06 21:55:50,Beauty and Personal Care,VALERA,Valera Professional Hair Crimper For Volume And Texture,$39 USD,$69 USD
2025-04-06 21:55:50,Beauty and Personal Care,DYSON,Dyson Supersonic Hair Dryer Styling Attachments,$529 USD,$649 USD
2025-04-06 21:55:50,Tablets,OSCAL,OSCAL PAD 7- 4GB- 128GB STORAGE - Misty Grey,$125 USD,$155 USD
2025-04-06 21:55:50,Tablets,APPLE,IPad 10.9' 256GB - Blue,$449 USD,$505 USD
2025-04-06 21:55:50,Tablets,SAMSUNG,SAMSUNG Galaxy Tab S9 FE+ 12.4'- 8GB- 128GB Starage - Silver,$415 USD,$449 USD
2025-04-06 21:55:50,Tablets,SAMSUNG,SAMSUNG Galaxy Tab A9- 11'- 8GB- 128GB STORAGE - Grey,$199 USD,$215 USD
2025-04-06 21:55:50,Tablets,OSCAL,Oscal Pad 70- 4GB- 128GB Storage - Blue,$105 USD,$122 USD
2025-04-06 21:55:50,Tablets,OSCAL,OSCAL PAD 13- 8GB- 256GB STORAGE - Space Gray,$175 USD,$195 USD
2025-04-06 21:55:50,Tablets,OSCAL,OSCAL PAD 16- 8GB- 256GB STORAGE - Sierra Blue,$195 USD,$245 USD
2025-04-06 21:55:50,Food Preparation,KITCHEN AID,KitchenAid 2 Speed Hand Blender 180 Watts Red,$49 USD,$129 USD
2025-04-06 21:55:50,Food Preparation,NINJA,"Ninja, Foodi Health Grill & Air Fryer, 1760W",$249 USD,$399 USD
2025-04-06 21:55:50,Food Preparation,GORENJE,Gorenje Hand Blender Set 1000w Stainless Steel,$49 USD,$99 USD
2025-04-06 21:55:50,Food Preparation,NINJA,"Ninja, 3-In-1 Hand Blender, 850W",$199 USD,$279 USD
2025-04-06 21:55:50,Food Preparation,NINJA,"Ninja, Dual Zone Air Fryer, 7.6 L",$299 USD,$399 USD
2025-04-06 21:55:50,Food Preparation,SUPER CHEF,SuperChef Food Processor 800w 2 L 3 Speeds,$45 USD,$79 USD
2025-04-06 21:55:50,Food Preparation,SAGE,"Sage, Bakery Boss Stand Mixer Stainless Steel",$529 USD,$739 USD
2025-04-06 21:55:50,Food Preparation,SAGE,"Sage, Kitchen Wizz Food Processor 15 Pro",$479 USD,$739 USD
2025-04-06 21:55:50,Food Preparation,KITCHEN AID,KitchenAid 14 3.3 L Cup Food Processor 300 Watt White,$249 USD,$499 USD
2025-04-06 22:22:34,Televisions,LG,LG LED 43' FULL HD HDR SMART TV LM6370 SERIES,$269 USD,$319 USD
2025-04-06 22:22:34,Televisions,SAMSUNG,Samsung 43'' Crystal UHD DU7000 4K Tizen OS Smart TV,$349 USD,$409 USD
2025-04-06 22:22:34,Televisions,TCL,TCL Frameless 43' Full HD HDR Smart Android TV,$239 USD,$269 USD
2025-04-06 22:22:34,Televisions,TCL,TCL Frameless 32' Full HD HDR Smart Android TV,$139 USD,$159 USD
2025-04-06 22:22:34,Televisions,TCL,TCL Frameless 40' Full HD HDR Smart Android TV,$225 USD,$249 USD
2025-04-06 22:22:34,Televisions,LG,LG 70 Inch LG UHD AI UT80 4K Smart TV AI Magic Remote,$889 USD,$949 USD
2025-04-06 22:22:34,Televisions,TCL,TCL Mini Led 65' 4K Smart Google TV,$999 USD,"$1,199 USD"
2025-04-06 22:22:34,Televisions,SONY,Sony BRAVIA 3 - 55' Class LED 4K HDR Google TV,$729 USD,$829 USD
2025-04-06 22:22:34,Televisions,SONY,SONY LED 65' 4K LED WITH SMART Google TV,$799 USD,$949 USD
2025-04-06 22:22:34,Beauty and Personal Care,BRAUN,Braun Silk-Épil Wet & Dry Epilator With 4 Extras Incl.,$89 USD,$115 USD
2025-04-06 22:22:34,Beauty and Personal Care,GRUNDIG,Grundig Hair Dryer 2300W (Black),$49 USD,$59 USD
2025-04-06 22:22:34,Beauty and Personal Care,GRUNDIG,Grundig Hair Styler For Straightening And Curling,$39 USD,$59 USD
2025-04-06 22:22:34,Beauty and Personal Care,GRUNDIG,Grundig Cordless Hair Straightener 200°C,$35 USD,$59 USD
2025-04-06 22:22:34,Beauty and Personal Care,GRUNDIG,Grundig Mini Hair Straightener,$25 USD,$49 USD
2025-04-06 22:22:34,Beauty and Personal Care,GRUNDIG,Grundig Cordless Hair Curler,$99 USD,$129 USD
2025-04-06 22:22:34,Beauty and Personal Care,BRAUN,Braun Epilator Series 5 Facial Cleaning,$119 USD,$149 USD
2025-04-06 22:22:34,Beauty and Personal Care,GRUNDIG,Grundig Hair Dryer 2200w Ionic Hair Dryer,$39 USD,$49 USD
2025-04-06 22:22:34,Beauty and Personal Care,VALERA,Valera Professional Hair Crimper For Volume And Texture,$39 USD,$69 USD
2025-04-06 22:22:34,Beauty and Personal Care,DYSON,Dyson Supersonic Hair Dryer Styling Attachments,$529 USD,$649 USD
2025-04-06 22:22:34,Tablets,OSCAL,OSCAL PAD 7- 4GB- 128GB STORAGE - Misty Grey,$125 USD,$155 USD
2025-04-06 22:22:34,Tablets,APPLE,IPad 10.9' 256GB - Blue,$449 USD,$505 USD
2025-04-06 22:22:34,Tablets,SAMSUNG,SAMSUNG Galaxy Tab S9 FE+ 12.4'- 8GB- 128GB Starage - Silver,$415 USD,$449 USD
2025-04-06 22:22:34,Tablets,SAMSUNG,SAMSUNG Galaxy Tab A9- 11'- 8GB- 128GB STORAGE - Grey,$199 USD,$215 USD
2025-04-06 22:22:34,Tablets,OSCAL,Oscal Pad 70- 4GB- 128GB Storage - Blue,$105 USD,$122 USD
2025-04-06 22:22:34,Tablets,OSCAL,OSCAL PAD 13- 8GB- 256GB STORAGE - Space Gray,$175 USD,$195 USD
2025-04-06 22:22:34,Tablets,OSCAL,OSCAL PAD 16- 8GB- 256GB STORAGE - Sierra Blue,$195 USD,$245 USD
2025-04-06 22:22:34,Food Preparation,KITCHEN AID,KitchenAid 2 Speed Hand Blender 180 Watts Red,$49 USD,$129 USD
2025-04-06 22:22:34,Food Preparation,NINJA,"Ninja, Foodi Health Grill & Air Fryer, 1760W",$249 USD,$399 USD
2025-04-06 22:22:34,Food Preparation,GORENJE,Gorenje Hand Blender Set 1000w Stainless Steel,$49 USD,$99 USD
2025-04-06 22:22:34,Food Preparation,NINJA,"Ninja, 3-In-1 Hand Blender, 850W",$199 USD,$279 USD
2025-04-06 22:22:34,Food Preparation,NINJA,"Ninja, Dual Zone Air Fryer, 7.6 L",$299 USD,$399 USD
2025-04-06 22:22:34,Food Preparation,SUPER CHEF,SuperChef Food Processor 800w 2 L 3 Speeds,$45 USD,$79 USD
2025-04-06 22:22:34,Food Preparation,SAGE,"Sage, Bakery Boss Stand Mixer Stainless Steel",$529 USD,$739 USD
2025-04-06 22:22:34,Food Preparation,SAGE,"Sage, Kitchen Wizz Food Processor 15 Pro",$479 USD,$739 USD
2025-04-06 22:22:34,Food Preparation,KITCHEN AID,KitchenAid 14 3.3 L Cup Food Processor 300 Watt White,$249 USD,$499 USD
2025-04-07 01:56:28,Televisions,LG,LG LED 43' FULL HD HDR SMART TV LM6370 SERIES,$269 USD,$319 USD
2025-04-07 01:56:28,Televisions,SAMSUNG,Samsung 43'' Crystal UHD DU7000 4K Tizen OS Smart TV,$349 USD,$409 USD
2025-04-07 01:56:28,Televisions,TCL,TCL Frameless 43' Full HD HDR Smart Android TV,$239 USD,$269 USD
2025-04-07 01:56:28,Televisions,TCL,TCL Frameless 32' Full HD HDR Smart Android TV,$139 USD,$159 USD
2025-04-07 01:56:28,Televisions,TCL,TCL Frameless 40' Full HD HDR Smart Android TV,$225 USD,$249 USD
2025-04-07 01:56:28,Televisions,LG,LG 70 Inch LG UHD AI UT80 4K Smart TV AI Magic Remote,$889 USD,$949 USD
2025-04-07 01:56:28,Televisions,TCL,TCL Mini Led 65' 4K Smart Google TV,$999 USD,"$1,199 USD"
2025-04-07 01:56:28,Televisions,SONY,Sony BRAVIA 3 - 55' Class LED 4K HDR Google TV,$729 USD,$829 USD
2025-04-07 01:56:28,Televisions,SONY,SONY LED 65' 4K LED WITH SMART Google TV,$799 USD,$949 USD
2025-04-07 01:56:28,Beauty and Personal Care,BRAUN,Braun Silk-Épil Wet & Dry Epilator With 4 Extras Incl.,$89 USD,$115 USD
2025-04-07 01:56:28,Beauty and Personal Care,GRUNDIG,Grundig Hair Dryer 2300W (Black),$49 USD,$59 USD
2025-04-07 01:56:28,Beauty and Personal Care,GRUNDIG,Grundig Hair Styler For Straightening And Curling,$39 USD,$59 USD
2025-04-07 01:56:28,Beauty and Personal Care,GRUNDIG,Grundig Cordless Hair Straightener 200°C,$35 USD,$59 USD
2025-04-07 01:56:28,Beauty and Personal Care,GRUNDIG,Grundig Mini Hair Straightener,$25 USD,$49 USD
2025-04-07 01:56:28,Beauty and Personal Care,GRUNDIG,Grundig Cordless Hair Curler,$99 USD,$129 USD
2025-04-07 01:56:28,Beauty and Personal Care,BRAUN,Braun Epilator Series 5 Facial Cleaning,$119 USD,$149 USD
2025-04-07 01:56:28,Beauty and Personal Care,GRUNDIG,Grundig Hair Dryer 2200w Ionic Hair Dryer,$39 USD,$49 USD
2025-04-07 01:56:28,Beauty and Personal Care,VALERA,Valera Professional Hair Crimper For Volume And Texture,$39 USD,$69 USD
2025-04-07 01:56:28,Beauty and Personal Care,DYSON,Dyson Supersonic Hair Dryer Styling Attachments,$529 USD,$649 USD
2025-04-07 01:56:28,Tablets,OSCAL,OSCAL PAD 7- 4GB- 128GB STORAGE - Misty Grey,$125 USD,$155 USD
2025-04-07 01:56:28,Tablets,APPLE,IPad 10.9' 256GB - Blue,$449 USD,$505 USD
2025-04-07 01:56:28,Tablets,SAMSUNG,SAMSUNG Galaxy Tab S9 FE+ 12.4'- 8GB- 128GB Starage - Silver,$415 USD,$449 USD
2025-04-07 01:56:28,Tablets,SAMSUNG,SAMSUNG Galaxy Tab A9- 11'- 8GB- 128GB STORAGE - Grey,$199 USD,$215 USD
2025-04-07 01:56:28,Tablets,OSCAL,Oscal Pad 70- 4GB- 128GB Storage - Blue,$105 USD,$122 USD
2025-04-07 01:56:28,Tablets,OSCAL,OSCAL PAD 13- 8GB- 256GB STORAGE - Space Gray,$175 USD,$195 USD
2025-04-07 01:56:28,Tablets,OSCAL,OSCAL PAD 16- 8GB- 256GB STORAGE - Sierra Blue,$195 USD,$245 USD
2025-04-07 01:56:28,Food Preparation,KITCHEN AID,KitchenAid 2 Speed Hand Blender 180 Watts Red,$49 USD,$129 USD
2025-04-07 01:56:28,Food Preparation,NINJA,"Ninja, Foodi Health Grill & Air Fryer, 1760W",$249 USD,$399 USD
2025-04-07 01:56:28,Food Preparation,GORENJE,Gorenje Hand Blender Set 1000w Stainless Steel,$49 USD,$99 USD
2025-04-07 01:56:28,Food Preparation,NINJA,"Ninja, 3-In-1 Hand Blender, 850W",$199 USD,$279 USD
2025-04-07 01:56:28,Food Preparation,NINJA,"Ninja, Dual Zone Air Fryer, 7.6 L",$299 USD,$399 USD
2025-04-07 01:56:28,Food Preparation,SUPER CHEF,SuperChef Food Processor 800w 2 L 3 Speeds,$45 USD,$79 USD
2025-04-07 01:56:28,Food Preparation,SAGE,"Sage, Bakery Boss Stand Mixer Stainless Steel",$529 USD,$739 USD
2025-04-07 01:56:28,Food Preparation,SAGE,"Sage, Kitchen Wizz Food Processor 15 Pro",$479 USD,$739 USD
2025-04-07 01:56:28,Food Preparation,KITCHEN AID,KitchenAid 14 3.3 L Cup Food Processor 300 Watt White,$249 USD,$499 USD
2025-04-07 03:09:14,Televisions,LG,LG LED 43' FULL HD HDR SMART TV LM6370 SERIES,$269 USD,$319 USD
2025-04-07 03:09:14,Televisions,SAMSUNG,Samsung 43'' Crystal UHD DU7000 4K Tizen OS Smart TV,$349 USD,$409 USD
2025-04-07 03:09:14,Televisions,TCL,TCL Frameless 43' Full HD HDR Smart Android TV,$239 USD,$269 USD
2025-04-07 03:09:14,Televisions,TCL,TCL Frameless 32' Full HD HDR Smart Android TV,$139 USD,$159 USD
2025-04-07 03:09:14,Televisions,TCL,TCL Frameless 40' Full HD HDR Smart Android TV,$225 USD,$249 USD
2025-04-07 03:09:14,Televisions,LG,LG 70 Inch LG UHD AI UT80 4K Smart TV AI Magic Remote,$889 USD,$949 USD
2025-04-07 03:09:14,Televisions,TCL,TCL Mini Led 65' 4K Smart Google TV,$999 USD,"$1,199 USD"
2025-04-07 03:09:14,Televisions,SONY,Sony BRAVIA 3 - 55' Class LED 4K HDR Google TV,$729 USD,$829 USD
2025-04-07 03:09:14,Televisions,SONY,SONY LED 65' 4K LED WITH SMART Google TV,$799 USD,$949 USD
2025-04-07 03:09:14,Beauty and Personal Care,BRAUN,Braun Silk-Épil Wet & Dry Epilator With 4 Extras Incl.,$89 USD,$115 USD
2025-04-07 03:09:14,Beauty and Personal Care,GRUNDIG,Grundig Hair Dryer 2300W (Black),$49 USD,$59 USD
2025-04-07 03:09:14,Beauty and Personal Care,GRUNDIG,Grundig Hair Styler For Straightening And Curling,$39 USD,$59 USD
2025-04-07 03:09:14,Beauty and Personal Care,GRUNDIG,Grundig Cordless Hair Straightener 200°C,$35 USD,$59 USD
2025-04-07 03:09:14,Beauty and Personal Care,GRUNDIG,Grundig Mini Hair Straightener,$25 USD,$49 USD
2025-04-07 03:09:14,Beauty and Personal Care,GRUNDIG,Grundig Cordless Hair Curler,$99 USD,$129 USD
2025-04-07 03:09:14,Beauty and Personal Care,BRAUN,Braun Epilator Series 5 Facial Cleaning,$119 USD,$149 USD
2025-04-07 03:09:14,Beauty and Personal Care,GRUNDIG,Grundig Hair Dryer 2200w Ionic Hair Dryer,$39 USD,$49 USD
2025-04-07 03:09:14,Beauty and Personal Care,VALERA,Valera Professional Hair Crimper For Volume And Texture,$39 USD,$69 USD
2025-04-07 03:09:14,Beauty and Personal Care,DYSON,Dyson Supersonic Hair Dryer Styling Attachments,$529 USD,$649 USD
2025-04-07 03:09:14,Tablets,OSCAL,OSCAL PAD 7- 4GB- 128GB STORAGE - Misty Grey,$125 USD,$155 USD
2025-04-07 03:09:14,Tablets,APPLE,IPad 10.9' 256GB - Blue,$449 USD,$505 USD
2025-04-07 03:09:14,Tablets,SAMSUNG,SAMSUNG Galaxy Tab S9 FE+ 12.4'- 8GB- 128GB Starage - Silver,$415 USD,$449 USD
2025-04-07 03:09:14,Tablets,SAMSUNG,SAMSUNG Galaxy Tab A9- 11'- 8GB- 128GB STORAGE - Grey,$199 USD,$215 USD
2025-04-07 03:09:14,Tablets,OSCAL,Oscal Pad 70- 4GB- 128GB Storage - Blue,$105 USD,$122 USD
2025-04-07 03:09:14,Tablets,OSCAL,OSCAL PAD 13- 8GB- 256GB STORAGE - Space Gray,$175 USD,$195 USD
2025-04-07 03:09:14,Tablets,OSCAL,OSCAL PAD 16- 8GB- 256GB STORAGE - Sierra Blue,$195 USD,$245 USD
2025-04-07 03:09:14,Food Preparation,KITCHEN AID,KitchenAid 2 Speed Hand Blender 180 Watts Red,$49 USD,$129 USD
2025-04-07 03:09:14,Food Preparation,NINJA,"Ninja, Foodi Health Grill & Air Fryer, 1760W",$249 USD,$399 USD
2025-04-07 03:09:14,Food Preparation,GORENJE,Gorenje Hand Blender Set 1000w Stainless Steel,$49 USD,$99 USD
2025-04-07 03:09:14,Food Preparation,NINJA,"Ninja, 3-In-1 Hand Blender, 850W",$199 USD,$279 USD
2025-04-07 03:09:14,Food Preparation,NINJA,"Ninja, Dual Zone Air Fryer, 7.6 L",$299 USD,$399 USD
2025-04-07 03:09:14,Food Preparation,SUPER CHEF,SuperChef Food Processor 800w 2 L 3 Speeds,$45 USD,$79 USD
2025-04-07 03:09:14,Food Preparation,SAGE,"Sage, Bakery Boss Stand Mixer Stainless Steel",$529 USD,$739 USD
2025-04-07 03:09:14,Food Preparation,SAGE,"Sage, Kitchen Wizz Food Processor 15 Pro",$479 USD,$739 USD
2025-04-07 03:09:14,Food Preparation,KITCHEN AID,KitchenAid 14 3.3 L Cup Food Processor 300 Watt White,$249 USD,$499 USD
2025-04-07 04:29:16,Televisions,LG,LG LED 43' FULL HD HDR SMART TV LM6370 SERIES,$269 USD,$319 USD
2025-04-07 04:29:16,Televisions,SAMSUNG,Samsung 43'' Crystal UHD DU7000 4K Tizen OS Smart TV,$349 USD,$409 USD
2025-04-07 04:29:16,Televisions,TCL,TCL Frameless 43' Full HD HDR Smart Android TV,$239 USD,$269 USD
2025-04-07 04:29:16,Televisions,TCL,TCL Frameless 32' Full HD HDR Smart Android TV,$139 USD,$159 USD
2025-04-07 04:29:16,Televisions,TCL,TCL Frameless 40' Full HD HDR Smart Android TV,$225 USD,$249 USD
2025-04-07 04:29:16,Televisions,LG,LG 70 Inch LG UHD AI UT80 4K Smart TV AI Magic Remote,$889 USD,$949 USD
2025-04-07 04:29:16,Televisions,TCL,TCL Mini Led 65' 4K Smart Google TV,$999 USD,"$1,199 USD"
2025-04-07 04:29:16,Televisions,SONY,Sony BRAVIA 3 - 55' Class LED 4K HDR Google TV,$729 USD,$829 USD
2025-04-07 04:29:16,Televisions,SONY,SONY LED 65' 4K LED WITH SMART Google TV,$799 USD,$949 USD
2025-04-07 04:29:16,Beauty and Personal Care,BRAUN,Braun Silk-Épil Wet & Dry Epilator With 4 Extras Incl.,$89 USD,$115 USD
2025-04-07 04:29:16,Beauty and Personal Care,GRUNDIG,Grundig Hair Dryer 2300W (Black),$49 USD,$59 USD
2025-04-07 04:29:16,Beauty and Personal Care,GRUNDIG,Grundig Hair Styler For Straightening And Curling,$39 USD,$59 USD
2025-04-07 04:29:16,Beauty and Personal Care,GRUNDIG,Grundig Cordless Hair Straightener 200°C,$35 USD,$59 USD
2025-04-07 04:29:16,Beauty and Personal Care,GRUNDIG,Grundig Mini Hair Straightener,$25 USD,$49 USD
2025-04-07 04:29:16,Beauty and Personal Care,GRUNDIG,Grundig Cordless Hair Curler,$99 USD,$129 USD
2025-04-07 04:29:16,Beauty and Personal Care,BRAUN,Braun Epilator Series 5 Facial Cleaning,$119 USD,$149 USD
2025-04-07 04:29:16,Beauty and Personal Care,GRUNDIG,Grundig Hair Dryer 2200w Ionic Hair Dryer,$39 USD,$49 USD
2025-04-07 04:29:16,Beauty and Personal Care,VALERA,Valera Professional Hair Crimper For Volume And Texture,$39 USD,$69 USD
2025-04-07 04:29:16,Beauty and Personal Care,DYSON,Dyson Supersonic Hair Dryer Styling Attachments,$529 USD,$649 USD
2025-04-07 04:29:16,Tablets,OSCAL,OSCAL PAD 7- 4GB- 128GB STORAGE - Misty Grey,$125 USD,$155 USD
2025-04-07 04:29:16,Tablets,APPLE,IPad 10.9' 256GB - Blue,$449 USD,$505 USD
2025-04-07 04:29:16,Tablets,SAMSUNG,SAMSUNG Galaxy Tab S9 FE+ 12.4'- 8GB- 128GB Starage - Silver,$415 USD,$449 USD
2025-04-07 04:29:16,Tablets,SAMSUNG,SAMSUNG Galaxy Tab A9- 11'- 8GB- 128GB STORAGE - Grey,$199 USD,$215 USD
2025-04-07 04:29:16,Tablets,OSCAL,Oscal Pad 70- 4GB- 128GB Storage - Blue,$105 USD,$122 USD
2025-04-07 04:29:16,Tablets,OSCAL,OSCAL PAD 13- 8GB- 256GB STORAGE - Space Gray,$175 USD,$195 USD
2025-04-07 04:29:16,Tablets,OSCAL,OSCAL PAD 16- 8GB- 256GB STORAGE - Sierra Blue,$195 USD,$245 USD
2025-04-07 04:29:16,Food Preparation,KITCHEN AID,KitchenAid 2 Speed Hand Blender 180 Watts Red,$49 USD,$129 USD
2025-04-07 04:29:16,Food Preparation,NINJA,"Ninja, Foodi Health Grill & Air Fryer, 1760W",$249 USD,$399 USD
2025-04-07 04:29:16,Food Preparation,GORENJE,Gorenje Hand Blender Set 1000w Stainless Steel,$49 USD,$99 USD
2025-04-07 04:29:16,Food Preparation,NINJA,"Ninja, 3-In-1 Hand Blender, 850W",$199 USD,$279 USD
2025-04-07 04:29:16,Food Preparation,NINJA,"Ninja, Dual Zone Air Fryer, 7.6 L",$299 USD,$399 USD
2025-04-07 04:29:16,Food Preparation,SUPER CHEF,SuperChef Food Processor 800w 2 L 3 Speeds,$45 USD,$79 USD
2025-04-07 04:29:16,Food Preparation,SAGE,"Sage, Bakery Boss Stand Mixer Stainless Steel",$529 USD,$739 USD
2025-04-07 04:29:16,Food Preparation,SAGE,"Sage, Kitchen Wizz Food Processor 15 Pro",$479 USD,$739 USD
2025-04-07 04:29:16,Food Preparation,KITCHEN AID,KitchenAid 14 3.3 L Cup Food Processor 300 Watt White,$249 USD,$499 USD
2025-04-07 06:35:00,Televisions,LG,LG LED 43' FULL HD HDR SMART TV LM6370 SERIES,$269 USD,$319 USD
2025-04-07 06:35:00,Televisions,SAMSUNG,Samsung 43'' Crystal UHD DU7000 4K Tizen OS Smart TV,$349 USD,$409 USD
2025-04-07 06:35:00,Televisions,TCL,TCL Frameless 43' Full HD HDR Smart Android TV,$239 USD,$269 USD
2025-04-07 06:35:00,Televisions,TCL,TCL Frameless 32' Full HD HDR Smart Android TV,$139 USD,$159 USD
2025-04-07 06:35:00,Televisions,TCL,TCL Frameless 40' Full HD HDR Smart Android TV,$225 USD,$249 USD
2025-04-07 06:35:00,Televisions,LG,LG 70 Inch LG UHD AI UT80 4K Smart TV AI Magic Remote,$889 USD,$949 USD
2025-04-07 06:35:00,Televisions,TCL,TCL Mini Led 65' 4K Smart Google TV,$999 USD,"$1,199 USD"
2025-04-07 06:35:00,Televisions,SONY,Sony BRAVIA 3 - 55' Class LED 4K HDR Google TV,$729 USD,$829 USD
2025-04-07 06:35:00,Televisions,SONY,SONY LED 65' 4K LED WITH SMART Google TV,$799 USD,$949 USD
2025-04-07 06:35:00,Beauty and Personal Care,BRAUN,Braun Silk-Épil Wet & Dry Epilator With 4 Extras Incl.,$89 USD,$115 USD
2025-04-07 06:35:00,Beauty and Personal Care,GRUNDIG,Grundig Hair Dryer 2300W (Black),$49 USD,$59 USD
2025-04-07 06:35:00,Beauty and Personal Care,GRUNDIG,Grundig Hair Styler For Straightening And Curling,$39 USD,$59 USD
2025-04-07 06:35:00,Beauty and Personal Care,GRUNDIG,Grundig Cordless Hair Straightener 200°C,$35 USD,$59 USD
2025-04-07 06:35:00,Beauty and Personal Care,GRUNDIG,Grundig Mini Hair Straightener,$25 USD,$49 USD
2025-04-07 06:35:00,Beauty and Personal Care,GRUNDIG,Grundig Cordless Hair Curler,$99 USD,$129 USD
2025-04-07 06:35:00,Beauty and Personal Care,BRAUN,Braun Epilator Series 5 Facial Cleaning,$119 USD,$149 USD
2025-04-07 06:35:00,Beauty and Personal Care,GRUNDIG,Grundig Hair Dryer 2200w Ionic Hair Dryer,$39 USD,$49 USD
2025-04-07 06:35:00,Beauty and Personal Care,VALERA,Valera Professional Hair Crimper For Volume And Texture,$39 USD,$69 USD
2025-04-07 06:35:00,Beauty and Personal Care,DYSON,Dyson Supersonic Hair Dryer Styling Attachments,$529 USD,$649 USD
2025-04-07 06:35:00,Tablets,OSCAL,OSCAL PAD 7- 4GB- 128GB STORAGE - Misty Grey,$125 USD,$155 USD
2025-04-07 06:35:00,Tablets,APPLE,IPad 10.9' 256GB - Blue,$449 USD,$505 USD
2025-04-07 06:35:00,Tablets,SAMSUNG,SAMSUNG Galaxy Tab S9 FE+ 12.4'- 8GB- 128GB Starage - Silver,$415 USD,$449 USD
2025-04-07 06:35:00,Tablets,SAMSUNG,SAMSUNG Galaxy Tab A9- 11'- 8GB- 128GB STORAGE - Grey,$199 USD,$215 USD
2025-04-07 06:35:00,Tablets,OSCAL,Oscal Pad 70- 4GB- 128GB Storage - Blue,$105 USD,$122 USD
2025-04-07 06:35:00,Tablets,OSCAL,OSCAL PAD 13- 8GB- 256GB STORAGE - Space Gray,$175 USD,$195 USD
2025-04-07 06:35:00,Tablets,OSCAL,OSCAL PAD 16- 8GB- 256GB STORAGE - Sierra Blue,$195 USD,$245 USD
2025-04-07 06:35:00,Food Preparation,KITCHEN AID,KitchenAid 2 Speed Hand Blender 180 Watts Red,$49 USD,$129 USD
2025-04-07 06:35:00,Food Preparation,NINJA,"Ninja, Foodi Health Grill & Air Fryer, 1760W",$249 USD,$399 USD
2025-04-07 06:35:00,Food Preparation,GORENJE,Gorenje Hand Blender Set 1000w Stainless Steel,$49 USD,$99 USD
2025-04-07 06:35:00,Food Preparation,NINJA,"Ninja, 3-In-1 Hand Blender, 850W",$199 USD,$279 USD
2025-04-07 06:35:00,Food Preparation,NINJA,"Ninja, Dual Zone Air Fryer, 7.6 L",$299 USD,$399 USD
2025-04-07 06:35:00,Food Preparation,SUPER CHEF,SuperChef Food Processor 800w 2 L 3 Speeds,$45 USD,$79 USD
2025-04-07 06:35:00,Food Preparation,SAGE,"Sage, Bakery Boss Stand Mixer Stainless Steel",$529 USD,$739 USD
2025-04-07 06:35:00,Food Preparation,SAGE,"Sage, Kitchen Wizz Food Processor 15 Pro",$479 USD,$739 USD
2025-04-07 06:35:00,Food Preparation,KITCHEN AID,KitchenAid 14 3.3 L Cup Food Processor 300 Watt White,$249 USD,$499 USD
2025-04-07 08:32:50,Televisions,LG,LG LED 43' FULL HD HDR SMART TV LM6370 SERIES,$269 USD,$319 USD
2025-04-07 08:32:50,Televisions,SAMSUNG,Samsung 43'' Crystal UHD DU7000 4K Tizen OS Smart TV,$349 USD,$409 USD
2025-04-07 08:32:50,Televisions,TCL,TCL Frameless 43' Full HD HDR Smart Android TV,$239 USD,$269 USD
2025-04-07 08:32:50,Televisions,TCL,TCL Frameless 32' Full HD HDR Smart Android TV,$139 USD,$159 USD
2025-04-07 08:32:50,Televisions,TCL,TCL Frameless 40' Full HD HDR Smart Android TV,$225 USD,$249 USD
2025-04-07 08:32:50,Televisions,LG,LG 70 Inch LG UHD AI UT80 4K Smart TV AI Magic Remote,$889 USD,$949 USD
2025-04-07 08:32:50,Televisions,TCL,TCL Mini Led 65' 4K Smart Google TV,$999 USD,"$1,199 USD"
2025-04-07 08:32:50,Televisions,SONY,Sony BRAVIA 3 - 55' Class LED 4K HDR Google TV,$729 USD,$829 USD
2025-04-07 08:32:50,Televisions,SONY,SONY LED 65' 4K LED WITH SMART Google TV,$799 USD,$949 USD
2025-04-07 08:32:50,Beauty and Personal Care,BRAUN,Braun Silk-Épil Wet & Dry Epilator With 4 Extras Incl.,$89 USD,$115 USD
2025-04-07 08:32:50,Beauty and Personal Care,GRUNDIG,Grundig Hair Dryer 2300W (Black),$49 USD,$59 USD
2025-04-07 08:32:50,Beauty and Personal Care,GRUNDIG,Grundig Hair Styler For Straightening And Curling,$39 USD,$59 USD
2025-04-07 08:32:50,Beauty and Personal Care,GRUNDIG,Grundig Cordless Hair Straightener 200°C,$35 USD,$59 USD
2025-04-07 08:32:50,Beauty and Personal Care,GRUNDIG,Grundig Mini Hair Straightener,$25 USD,$49 USD
2025-04-07 08:32:50,Beauty and Personal Care,GRUNDIG,Grundig Cordless Hair Curler,$99 USD,$129 USD
2025-04-07 08:32:50,Beauty and Personal Care,BRAUN,Braun Epilator Series 5 Facial Cleaning,$119 USD,$149 USD
2025-04-07 08:32:50,Beauty and Personal Care,GRUNDIG,Grundig Hair Dryer 2200w Ionic Hair Dryer,$39 USD,$49 USD
2025-04-07 08:32:50,Beauty and Personal Care,VALERA,Valera Professional Hair Crimper For Volume And Texture,$39 USD,$69 USD
2025-04-07 08:32:50,Beauty and Personal Care,DYSON,Dyson Supersonic Hair Dryer Styling Attachments,$529 USD,$649 USD
2025-04-07 08:32:50,Tablets,OSCAL,OSCAL PAD 7- 4GB- 128GB STORAGE - Misty Grey,$125 USD,$155 USD
2025-04-07 08:32:50,Tablets,APPLE,IPad 10.9' 256GB - Blue,$449 USD,$505 USD
2025-04-07 08:32:50,Tablets,SAMSUNG,SAMSUNG Galaxy Tab S9 FE+ 12.4'- 8GB- 128GB Starage - Silver,$415 USD,$449 USD
2025-04-07 08:32:50,Tablets,SAMSUNG,SAMSUNG Galaxy Tab A9- 11'- 8GB- 128GB STORAGE - Grey,$199 USD,$215 USD
2025-04-07 08:32:50,Tablets,OSCAL,Oscal Pad 70- 4GB- 128GB Storage - Blue,$105 USD,$122 USD
2025-04-07 08:32:50,Tablets,OSCAL,OSCAL PAD 13- 8GB- 256GB STORAGE - Space Gray,$175 USD,$195 USD
2025-04-07 08:32:50,Tablets,OSCAL,OSCAL PAD 16- 8GB- 256GB STORAGE - Sierra Blue,$195 USD,$245 USD
2025-04-07 08:32:50,Food Preparation,KITCHEN AID,KitchenAid 2 Speed Hand Blender 180 Watts Red,$49 USD,$129 USD
2025-04-07 08:32:50,Food Preparation,NINJA,"Ninja, Foodi Health Grill & Air Fryer, 1760W",$249 USD,$399 USD
2025-04-07 08:32:50,Food Preparation,GORENJE,Gorenje Hand Blender Set 1000w Stainless Steel,$49 USD,$99 USD
2025-04-07 08:32:50,Food Preparation,NINJA,"Ninja, 3-In-1 Hand Blender, 850W",$199 USD,$279 USD
2025-04-07 08:32:50,Food Preparation,NINJA,"Ninja, Dual Zone Air Fryer, 7.6 L",$299 USD,$399 USD
2025-04-07 08:32:50,Food Preparation,SUPER CHEF,SuperChef Food Processor 800w 2 L 3 Speeds,$45 USD,$79 USD
2025-04-07 08:32:50,Food Preparation,SAGE,"Sage, Bakery Boss Stand Mixer Stainless Steel",$529 USD,$739 USD
2025-04-07 08:32:50,Food Preparation,SAGE,"Sage, Kitchen Wizz Food Processor 15 Pro",$479 USD,$739 USD
2025-04-07 08:32:50,Food Preparation,KITCHEN AID,KitchenAid 14 3.3 L Cup Food Processor 300 Watt White,$249 USD,$499 USD
2025-04-07 09:28:02,Televisions,LG,LG LED 43' FULL HD HDR SMART TV LM6370 SERIES,$269 USD,$319 USD
2025-04-07 09:28:02,Televisions,SAMSUNG,Samsung 43'' Crystal UHD DU7000 4K Tizen OS Smart TV,$349 USD,$409 USD
2025-04-07 09:28:02,Televisions,TCL,TCL Frameless 43' Full HD HDR Smart Android TV,$239 USD,$269 USD
2025-04-07 09:28:02,Televisions,TCL,TCL Frameless 32' Full HD HDR Smart Android TV,$139 USD,$159 USD
2025-04-07 09:28:02,Televisions,TCL,TCL Frameless 40' Full HD HDR Smart Android TV,$225 USD,$249 USD
2025-04-07 09:28:02,Televisions,LG,LG 70 Inch LG UHD AI UT80 4K Smart TV AI Magic Remote,$889 USD,$949 USD
2025-04-07 09:28:02,Televisions,TCL,TCL Mini Led 65' 4K Smart Google TV,$999 USD,"$1,199 USD"
2025-04-07 09:28:02,Televisions,SONY,Sony BRAVIA 3 - 55' Class LED 4K HDR Google TV,$729 USD,$829 USD
2025-04-07 09:28:02,Televisions,SONY,SONY LED 65' 4K LED WITH SMART Google TV,$799 USD,$949 USD
2025-04-07 09:28:02,Beauty and Personal Care,BRAUN,Braun Silk-Épil Wet & Dry Epilator With 4 Extras Incl.,$89 USD,$115 USD
2025-04-07 09:28:02,Beauty and Personal Care,GRUNDIG,Grundig Hair Dryer 2300W (Black),$49 USD,$59 USD
2025-04-07 09:28:02,Beauty and Personal Care,GRUNDIG,Grundig Hair Styler For Straightening And Curling,$39 USD,$59 USD
2025-04-07 09:28:02,Beauty and Personal Care,GRUNDIG,Grundig Cordless Hair Straightener 200°C,$35 USD,$59 USD
2025-04-07 09:28:02,Beauty and Personal Care,GRUNDIG,Grundig Mini Hair Straightener,$25 USD,$49 USD
2025-04-07 09:28:02,Beauty and Personal Care,GRUNDIG,Grundig Cordless Hair Curler,$99 USD,$129 USD
2025-04-07 09:28:02,Beauty and Personal Care,BRAUN,Braun Epilator Series 5 Facial Cleaning,$119 USD,$149 USD
2025-04-07 09:28:02,Beauty and Personal Care,GRUNDIG,Grundig Hair Dryer 2200w Ionic Hair Dryer,$39 USD,$49 USD
2025-04-07 09:28:02,Beauty and Personal Care,VALERA,Valera Professional Hair Crimper For Volume And Texture,$39 USD,$69 USD
2025-04-07 09:28:02,Beauty and Personal Care,DYSON,Dyson Supersonic Hair Dryer Styling Attachments,$529 USD,$649 USD
2025-04-07 09:28:02,Tablets,OSCAL,OSCAL PAD 7- 4GB- 128GB STORAGE - Misty Grey,$125 USD,$155 USD
2025-04-07 09:28:02,Tablets,APPLE,IPad 10.9' 256GB - Blue,$449 USD,$505 USD
2025-04-07 09:28:02,Tablets,SAMSUNG,SAMSUNG Galaxy Tab S9 FE+ 12.4'- 8GB- 128GB Starage - Silver,$415 USD,$449 USD
2025-04-07 09:28:02,Tablets,SAMSUNG,SAMSUNG Galaxy Tab A9- 11'- 8GB- 128GB STORAGE - Grey,$199 USD,$215 USD
2025-04-07 09:28:02,Tablets,OSCAL,Oscal Pad 70- 4GB- 128GB Storage - Blue,$105 USD,$122 USD
2025-04-07 09:28:02,Tablets,OSCAL,OSCAL PAD 13- 8GB- 256GB STORAGE - Space Gray,$175 USD,$195 USD
2025-04-07 09:28:02,Tablets,OSCAL,OSCAL PAD 16- 8GB- 256GB STORAGE - Sierra Blue,$195 USD,$245 USD
2025-04-07 09:28:02,Food Preparation,KITCHEN AID,KitchenAid 2 Speed Hand Blender 180 Watts Red,$49 USD,$129 USD
2025-04-07 09:28:02,Food Preparation,NINJA,"Ninja, Foodi Health Grill & Air Fryer, 1760W",$249 USD,$399 USD
2025-04-07 09:28:02,Food Preparation,GORENJE,Gorenje Hand Blender Set 1000w Stainless Steel,$49 USD,$99 USD
2025-04-07 09:28:02,Food Preparation,NINJA,"Ninja, 3-In-1 Hand Blender, 850W",$199 USD,$279 USD
2025-04-07 09:28:02,Food Preparation,NINJA,"Ninja, Dual Zone Air Fryer, 7.6 L",$299 USD,$399 USD
2025-04-07 09:28:02,Food Preparation,SUPER CHEF,SuperChef Food Processor 800w 2 L 3 Speeds,$45 USD,$79 USD
2025-04-07 09:28:02,Food Preparation,SAGE,"Sage, Bakery Boss Stand Mixer Stainless Steel",$529 USD,$739 USD
2025-04-07 09:28:02,Food Preparation,SAGE,"Sage, Kitchen Wizz Food Processor 15 Pro",$479 USD,$739 USD
2025-04-07 09:28:02,Food Preparation,KITCHEN AID,KitchenAid 14 3.3 L Cup Food Processor 300 Watt White,$249 USD,$499 USD
