Main Category,Subcategory,Product Category,Product Name,Current Price,Original Price
Home Appliances,REFRIGERATORS,BOTTOM MOUNT,"Hisense Fridge Cross Door American – 457L Freezer Fridge, Dual-Tech Cooling, Bottom Cooling System – [Silver], HSN-RQ5G470SBS","$1,100.00","$1,100.00"
Home Appliances,REFRIGERATORS,CHEST FREEZERZ,"Concord Chest Freezer Single Hinged Solid Door 224L (White), FC900",$343.00,$343.00
Home Appliances,REFRIGERATORS,FOUR DOORS,"LG Four Doors Refrigerator 594L, Smart Diagnosis, GCB-334DVL","$1,587.00","$1,587.00"
Home Appliances,REFRIGERATORS,BOTTOM MOUNT,"Bosch Fridge Serie 4, Free Standing Fridge Bottom Freezer Stainless Steel 203x70cm, KGN49XI30U","$2,331.00","$2,331.00"
Home Appliances,REFRIGERATORS,HOME APPLIANCES,"Kenwood Beverage Cooler, 55 Bottles Capacity, 85W, Glass Door, BCW55.000BK",$999.00,$999.00
Home Appliances,REFRIGERATORS,HOME APPLIANCES,"Hisense Fridge Single Door 5 Feet [White], HSN-RR122D4AWU",$190.00,$190.00
Home Appliances,REFRIGERATORS,HOME APPLIANCES,Hitachi Top Mount Fridge 489L Black Glass,N/A,N/A
Home Appliances,REFRIGERATORS,REFRIGERATORS,"Hisense Fridge No Frost 15Cft, 320L, Safety Glass Shelf, Inverter Compressor – [Silver], HSN-RT418N4ASU",$620.00,$620.00
Home Appliances,REFRIGERATORS,HOME APPLIANCES,"Camry 90L Mini Bar Fridge With Freezer (Stainless Steel), CYFR5V",$175.00,$175.00
Home Appliances,REFRIGERATORS,HOME APPLIANCES,"Hisense Fridge Top Mount No Frost 21Cft, RT599N4ASU",$770.00,$770.00
Home Appliances,WASHERS & DRYERS,BOTTOM MOUNT,"Hisense Fridge Cross Door American – 457L Freezer Fridge, Dual-Tech Cooling, Bottom Cooling System – [Silver], HSN-RQ5G470SBS","$1,100.00","$1,100.00"
Home Appliances,WASHERS & DRYERS,CHEST FREEZERZ,"Concord Chest Freezer Single Hinged Solid Door 224L (White), FC900",$343.00,$343.00
Home Appliances,WASHERS & DRYERS,FOUR DOORS,"LG Four Doors Refrigerator 594L, Smart Diagnosis, GCB-334DVL","$1,587.00","$1,587.00"
Home Appliances,WASHERS & DRYERS,BOTTOM MOUNT,"Bosch Fridge Serie 4, Free Standing Fridge Bottom Freezer Stainless Steel 203x70cm, KGN49XI30U","$2,331.00","$2,331.00"
Home Appliances,WASHERS & DRYERS,HOME APPLIANCES,"Kenwood Beverage Cooler, 55 Bottles Capacity, 85W, Glass Door, BCW55.000BK",$999.00,$999.00
Home Appliances,WASHERS & DRYERS,HOME APPLIANCES,"Hisense Fridge Single Door 5 Feet [White], HSN-RR122D4AWU",$190.00,$190.00
Home Appliances,WASHERS & DRYERS,HOME APPLIANCES,Hitachi Top Mount Fridge 489L Black Glass,N/A,N/A
Home Appliances,WASHERS & DRYERS,REFRIGERATORS,"Hisense Fridge No Frost 15Cft, 320L, Safety Glass Shelf, Inverter Compressor – [Silver], HSN-RT418N4ASU",$620.00,$620.00
Home Appliances,WASHERS & DRYERS,HOME APPLIANCES,"Camry 90L Mini Bar Fridge With Freezer (Stainless Steel), CYFR5V",$175.00,$175.00
Home Appliances,WASHERS & DRYERS,HOME APPLIANCES,"Hisense Fridge Top Mount No Frost 21Cft, RT599N4ASU",$770.00,$770.00
Home Appliances,COOKERS & HOODS,BOTTOM MOUNT,"Hisense Fridge Cross Door American – 457L Freezer Fridge, Dual-Tech Cooling, Bottom Cooling System – [Silver], HSN-RQ5G470SBS","$1,100.00","$1,100.00"
Home Appliances,COOKERS & HOODS,CHEST FREEZERZ,"Concord Chest Freezer Single Hinged Solid Door 224L (White), FC900",$343.00,$343.00
Home Appliances,COOKERS & HOODS,FOUR DOORS,"LG Four Doors Refrigerator 594L, Smart Diagnosis, GCB-334DVL","$1,587.00","$1,587.00"
Home Appliances,COOKERS & HOODS,BOTTOM MOUNT,"Bosch Fridge Serie 4, Free Standing Fridge Bottom Freezer Stainless Steel 203x70cm, KGN49XI30U","$2,331.00","$2,331.00"
Home Appliances,COOKERS & HOODS,HOME APPLIANCES,"Kenwood Beverage Cooler, 55 Bottles Capacity, 85W, Glass Door, BCW55.000BK",$999.00,$999.00
Home Appliances,COOKERS & HOODS,HOME APPLIANCES,"Hisense Fridge Single Door 5 Feet [White], HSN-RR122D4AWU",$190.00,$190.00
Home Appliances,COOKERS & HOODS,HOME APPLIANCES,Hitachi Top Mount Fridge 489L Black Glass,N/A,N/A
Home Appliances,COOKERS & HOODS,REFRIGERATORS,"Hisense Fridge No Frost 15Cft, 320L, Safety Glass Shelf, Inverter Compressor – [Silver], HSN-RT418N4ASU",$620.00,$620.00
Home Appliances,COOKERS & HOODS,HOME APPLIANCES,"Camry 90L Mini Bar Fridge With Freezer (Stainless Steel), CYFR5V",$175.00,$175.00
Home Appliances,COOKERS & HOODS,HOME APPLIANCES,"Hisense Fridge Top Mount No Frost 21Cft, RT599N4ASU",$770.00,$770.00
Home Appliances,AIR FRYERS,BOTTOM MOUNT,"Hisense Fridge Cross Door American – 457L Freezer Fridge, Dual-Tech Cooling, Bottom Cooling System – [Silver], HSN-RQ5G470SBS","$1,100.00","$1,100.00"
Home Appliances,AIR FRYERS,CHEST FREEZERZ,"Concord Chest Freezer Single Hinged Solid Door 224L (White), FC900",$343.00,$343.00
Home Appliances,AIR FRYERS,FOUR DOORS,"LG Four Doors Refrigerator 594L, Smart Diagnosis, GCB-334DVL","$1,587.00","$1,587.00"
Home Appliances,AIR FRYERS,BOTTOM MOUNT,"Bosch Fridge Serie 4, Free Standing Fridge Bottom Freezer Stainless Steel 203x70cm, KGN49XI30U","$2,331.00","$2,331.00"
Home Appliances,AIR FRYERS,HOME APPLIANCES,"Kenwood Beverage Cooler, 55 Bottles Capacity, 85W, Glass Door, BCW55.000BK",$999.00,$999.00
Home Appliances,AIR FRYERS,HOME APPLIANCES,"Hisense Fridge Single Door 5 Feet [White], HSN-RR122D4AWU",$190.00,$190.00
Home Appliances,AIR FRYERS,HOME APPLIANCES,Hitachi Top Mount Fridge 489L Black Glass,N/A,N/A
Home Appliances,AIR FRYERS,REFRIGERATORS,"Hisense Fridge No Frost 15Cft, 320L, Safety Glass Shelf, Inverter Compressor – [Silver], HSN-RT418N4ASU",$620.00,$620.00
Home Appliances,AIR FRYERS,HOME APPLIANCES,"Camry 90L Mini Bar Fridge With Freezer (Stainless Steel), CYFR5V",$175.00,$175.00
Home Appliances,AIR FRYERS,HOME APPLIANCES,"Hisense Fridge Top Mount No Frost 21Cft, RT599N4ASU",$770.00,$770.00
Home Appliances,BLENDERS,BOTTOM MOUNT,"Hisense Fridge Cross Door American – 457L Freezer Fridge, Dual-Tech Cooling, Bottom Cooling System – [Silver], HSN-RQ5G470SBS","$1,100.00","$1,100.00"
Home Appliances,BLENDERS,CHEST FREEZERZ,"Concord Chest Freezer Single Hinged Solid Door 224L (White), FC900",$343.00,$343.00
Home Appliances,BLENDERS,FOUR DOORS,"LG Four Doors Refrigerator 594L, Smart Diagnosis, GCB-334DVL","$1,587.00","$1,587.00"
Home Appliances,BLENDERS,BOTTOM MOUNT,"Bosch Fridge Serie 4, Free Standing Fridge Bottom Freezer Stainless Steel 203x70cm, KGN49XI30U","$2,331.00","$2,331.00"
Home Appliances,BLENDERS,HOME APPLIANCES,"Kenwood Beverage Cooler, 55 Bottles Capacity, 85W, Glass Door, BCW55.000BK",$999.00,$999.00
Home Appliances,BLENDERS,HOME APPLIANCES,"Hisense Fridge Single Door 5 Feet [White], HSN-RR122D4AWU",$190.00,$190.00
Home Appliances,BLENDERS,HOME APPLIANCES,Hitachi Top Mount Fridge 489L Black Glass,N/A,N/A
Home Appliances,BLENDERS,REFRIGERATORS,"Hisense Fridge No Frost 15Cft, 320L, Safety Glass Shelf, Inverter Compressor – [Silver], HSN-RT418N4ASU",$620.00,$620.00
Home Appliances,BLENDERS,HOME APPLIANCES,"Camry 90L Mini Bar Fridge With Freezer (Stainless Steel), CYFR5V",$175.00,$175.00
Home Appliances,BLENDERS,HOME APPLIANCES,"Hisense Fridge Top Mount No Frost 21Cft, RT599N4ASU",$770.00,$770.00
Home Appliances,FOOD PROCESSORS,BOTTOM MOUNT,"Hisense Fridge Cross Door American – 457L Freezer Fridge, Dual-Tech Cooling, Bottom Cooling System – [Silver], HSN-RQ5G470SBS","$1,100.00","$1,100.00"
Home Appliances,FOOD PROCESSORS,CHEST FREEZERZ,"Concord Chest Freezer Single Hinged Solid Door 224L (White), FC900",$343.00,$343.00
Home Appliances,FOOD PROCESSORS,FOUR DOORS,"LG Four Doors Refrigerator 594L, Smart Diagnosis, GCB-334DVL","$1,587.00","$1,587.00"
Home Appliances,FOOD PROCESSORS,BOTTOM MOUNT,"Bosch Fridge Serie 4, Free Standing Fridge Bottom Freezer Stainless Steel 203x70cm, KGN49XI30U","$2,331.00","$2,331.00"
Home Appliances,FOOD PROCESSORS,HOME APPLIANCES,"Kenwood Beverage Cooler, 55 Bottles Capacity, 85W, Glass Door, BCW55.000BK",$999.00,$999.00
Home Appliances,FOOD PROCESSORS,HOME APPLIANCES,"Hisense Fridge Single Door 5 Feet [White], HSN-RR122D4AWU",$190.00,$190.00
Home Appliances,FOOD PROCESSORS,HOME APPLIANCES,Hitachi Top Mount Fridge 489L Black Glass,N/A,N/A
Home Appliances,FOOD PROCESSORS,REFRIGERATORS,"Hisense Fridge No Frost 15Cft, 320L, Safety Glass Shelf, Inverter Compressor – [Silver], HSN-RT418N4ASU",$620.00,$620.00
Home Appliances,FOOD PROCESSORS,HOME APPLIANCES,"Camry 90L Mini Bar Fridge With Freezer (Stainless Steel), CYFR5V",$175.00,$175.00
Home Appliances,FOOD PROCESSORS,HOME APPLIANCES,"Hisense Fridge Top Mount No Frost 21Cft, RT599N4ASU",$770.00,$770.00
Home Appliances,VACUUM CLEANERS,BOTTOM MOUNT,"Hisense Fridge Cross Door American – 457L Freezer Fridge, Dual-Tech Cooling, Bottom Cooling System – [Silver], HSN-RQ5G470SBS","$1,100.00","$1,100.00"
Home Appliances,VACUUM CLEANERS,CHEST FREEZERZ,"Concord Chest Freezer Single Hinged Solid Door 224L (White), FC900",$343.00,$343.00
Home Appliances,VACUUM CLEANERS,FOUR DOORS,"LG Four Doors Refrigerator 594L, Smart Diagnosis, GCB-334DVL","$1,587.00","$1,587.00"
Home Appliances,VACUUM CLEANERS,BOTTOM MOUNT,"Bosch Fridge Serie 4, Free Standing Fridge Bottom Freezer Stainless Steel 203x70cm, KGN49XI30U","$2,331.00","$2,331.00"
Home Appliances,VACUUM CLEANERS,HOME APPLIANCES,"Kenwood Beverage Cooler, 55 Bottles Capacity, 85W, Glass Door, BCW55.000BK",$999.00,$999.00
Home Appliances,VACUUM CLEANERS,HOME APPLIANCES,"Hisense Fridge Single Door 5 Feet [White], HSN-RR122D4AWU",$190.00,$190.00
Home Appliances,VACUUM CLEANERS,HOME APPLIANCES,Hitachi Top Mount Fridge 489L Black Glass,N/A,N/A
Home Appliances,VACUUM CLEANERS,REFRIGERATORS,"Hisense Fridge No Frost 15Cft, 320L, Safety Glass Shelf, Inverter Compressor – [Silver], HSN-RT418N4ASU",$620.00,$620.00
Home Appliances,VACUUM CLEANERS,HOME APPLIANCES,"Camry 90L Mini Bar Fridge With Freezer (Stainless Steel), CYFR5V",$175.00,$175.00
Home Appliances,VACUUM CLEANERS,HOME APPLIANCES,"Hisense Fridge Top Mount No Frost 21Cft, RT599N4ASU",$770.00,$770.00
Small Appliances,FUN COOKING,BOTTOM MOUNT,"Hisense Fridge Cross Door American – 457L Freezer Fridge, Dual-Tech Cooling, Bottom Cooling System – [Silver], HSN-RQ5G470SBS","$1,100.00","$1,100.00"
Small Appliances,FUN COOKING,CHEST FREEZERZ,"Concord Chest Freezer Single Hinged Solid Door 224L (White), FC900",$343.00,$343.00
Small Appliances,FUN COOKING,FOUR DOORS,"LG Four Doors Refrigerator 594L, Smart Diagnosis, GCB-334DVL","$1,587.00","$1,587.00"
Small Appliances,FUN COOKING,BOTTOM MOUNT,"Bosch Fridge Serie 4, Free Standing Fridge Bottom Freezer Stainless Steel 203x70cm, KGN49XI30U","$2,331.00","$2,331.00"
Small Appliances,FUN COOKING,HOME APPLIANCES,"Kenwood Beverage Cooler, 55 Bottles Capacity, 85W, Glass Door, BCW55.000BK",$999.00,$999.00
Small Appliances,FUN COOKING,HOME APPLIANCES,"Hisense Fridge Single Door 5 Feet [White], HSN-RR122D4AWU",$190.00,$190.00
Small Appliances,FUN COOKING,HOME APPLIANCES,Hitachi Top Mount Fridge 489L Black Glass,N/A,N/A
Small Appliances,FUN COOKING,REFRIGERATORS,"Hisense Fridge No Frost 15Cft, 320L, Safety Glass Shelf, Inverter Compressor – [Silver], HSN-RT418N4ASU",$620.00,$620.00
Small Appliances,FUN COOKING,HOME APPLIANCES,"Camry 90L Mini Bar Fridge With Freezer (Stainless Steel), CYFR5V",$175.00,$175.00
Small Appliances,FUN COOKING,HOME APPLIANCES,"Hisense Fridge Top Mount No Frost 21Cft, RT599N4ASU",$770.00,$770.00
Small Appliances,BREWING APPLIANCES,BOTTOM MOUNT,"Hisense Fridge Cross Door American – 457L Freezer Fridge, Dual-Tech Cooling, Bottom Cooling System – [Silver], HSN-RQ5G470SBS","$1,100.00","$1,100.00"
Small Appliances,BREWING APPLIANCES,CHEST FREEZERZ,"Concord Chest Freezer Single Hinged Solid Door 224L (White), FC900",$343.00,$343.00
Small Appliances,BREWING APPLIANCES,FOUR DOORS,"LG Four Doors Refrigerator 594L, Smart Diagnosis, GCB-334DVL","$1,587.00","$1,587.00"
Small Appliances,BREWING APPLIANCES,BOTTOM MOUNT,"Bosch Fridge Serie 4, Free Standing Fridge Bottom Freezer Stainless Steel 203x70cm, KGN49XI30U","$2,331.00","$2,331.00"
Small Appliances,BREWING APPLIANCES,HOME APPLIANCES,"Kenwood Beverage Cooler, 55 Bottles Capacity, 85W, Glass Door, BCW55.000BK",$999.00,$999.00
Small Appliances,BREWING APPLIANCES,HOME APPLIANCES,"Hisense Fridge Single Door 5 Feet [White], HSN-RR122D4AWU",$190.00,$190.00
Small Appliances,BREWING APPLIANCES,HOME APPLIANCES,Hitachi Top Mount Fridge 489L Black Glass,N/A,N/A
Small Appliances,BREWING APPLIANCES,REFRIGERATORS,"Hisense Fridge No Frost 15Cft, 320L, Safety Glass Shelf, Inverter Compressor – [Silver], HSN-RT418N4ASU",$620.00,$620.00
Small Appliances,BREWING APPLIANCES,HOME APPLIANCES,"Camry 90L Mini Bar Fridge With Freezer (Stainless Steel), CYFR5V",$175.00,$175.00
Small Appliances,BREWING APPLIANCES,HOME APPLIANCES,"Hisense Fridge Top Mount No Frost 21Cft, RT599N4ASU",$770.00,$770.00
Small Appliances,IRONING & GARMENT CARE,BOTTOM MOUNT,"Hisense Fridge Cross Door American – 457L Freezer Fridge, Dual-Tech Cooling, Bottom Cooling System – [Silver], HSN-RQ5G470SBS","$1,100.00","$1,100.00"
Small Appliances,IRONING & GARMENT CARE,CHEST FREEZERZ,"Concord Chest Freezer Single Hinged Solid Door 224L (White), FC900",$343.00,$343.00
Small Appliances,IRONING & GARMENT CARE,FOUR DOORS,"LG Four Doors Refrigerator 594L, Smart Diagnosis, GCB-334DVL","$1,587.00","$1,587.00"
Small Appliances,IRONING & GARMENT CARE,BOTTOM MOUNT,"Bosch Fridge Serie 4, Free Standing Fridge Bottom Freezer Stainless Steel 203x70cm, KGN49XI30U","$2,331.00","$2,331.00"
Small Appliances,IRONING & GARMENT CARE,HOME APPLIANCES,"Kenwood Beverage Cooler, 55 Bottles Capacity, 85W, Glass Door, BCW55.000BK",$999.00,$999.00
Small Appliances,IRONING & GARMENT CARE,HOME APPLIANCES,"Hisense Fridge Single Door 5 Feet [White], HSN-RR122D4AWU",$190.00,$190.00
Small Appliances,IRONING & GARMENT CARE,HOME APPLIANCES,Hitachi Top Mount Fridge 489L Black Glass,N/A,N/A
Small Appliances,IRONING & GARMENT CARE,REFRIGERATORS,"Hisense Fridge No Frost 15Cft, 320L, Safety Glass Shelf, Inverter Compressor – [Silver], HSN-RT418N4ASU",$620.00,$620.00
Small Appliances,IRONING & GARMENT CARE,HOME APPLIANCES,"Camry 90L Mini Bar Fridge With Freezer (Stainless Steel), CYFR5V",$175.00,$175.00
Small Appliances,IRONING & GARMENT CARE,HOME APPLIANCES,"Hisense Fridge Top Mount No Frost 21Cft, RT599N4ASU",$770.00,$770.00
Small Appliances,KITCHEN & UTILITY,BOTTOM MOUNT,"Hisense Fridge Cross Door American – 457L Freezer Fridge, Dual-Tech Cooling, Bottom Cooling System – [Silver], HSN-RQ5G470SBS","$1,100.00","$1,100.00"
Small Appliances,KITCHEN & UTILITY,CHEST FREEZERZ,"Concord Chest Freezer Single Hinged Solid Door 224L (White), FC900",$343.00,$343.00
Small Appliances,KITCHEN & UTILITY,FOUR DOORS,"LG Four Doors Refrigerator 594L, Smart Diagnosis, GCB-334DVL","$1,587.00","$1,587.00"
Small Appliances,KITCHEN & UTILITY,BOTTOM MOUNT,"Bosch Fridge Serie 4, Free Standing Fridge Bottom Freezer Stainless Steel 203x70cm, KGN49XI30U","$2,331.00","$2,331.00"
Small Appliances,KITCHEN & UTILITY,HOME APPLIANCES,"Kenwood Beverage Cooler, 55 Bottles Capacity, 85W, Glass Door, BCW55.000BK",$999.00,$999.00
Small Appliances,KITCHEN & UTILITY,HOME APPLIANCES,"Hisense Fridge Single Door 5 Feet [White], HSN-RR122D4AWU",$190.00,$190.00
Small Appliances,KITCHEN & UTILITY,HOME APPLIANCES,Hitachi Top Mount Fridge 489L Black Glass,N/A,N/A
Small Appliances,KITCHEN & UTILITY,REFRIGERATORS,"Hisense Fridge No Frost 15Cft, 320L, Safety Glass Shelf, Inverter Compressor – [Silver], HSN-RT418N4ASU",$620.00,$620.00
Small Appliances,KITCHEN & UTILITY,HOME APPLIANCES,"Camry 90L Mini Bar Fridge With Freezer (Stainless Steel), CYFR5V",$175.00,$175.00
Small Appliances,KITCHEN & UTILITY,HOME APPLIANCES,"Hisense Fridge Top Mount No Frost 21Cft, RT599N4ASU",$770.00,$770.00
Small Appliances,HEATERS,BOTTOM MOUNT,"Hisense Fridge Cross Door American – 457L Freezer Fridge, Dual-Tech Cooling, Bottom Cooling System – [Silver], HSN-RQ5G470SBS","$1,100.00","$1,100.00"
Small Appliances,HEATERS,CHEST FREEZERZ,"Concord Chest Freezer Single Hinged Solid Door 224L (White), FC900",$343.00,$343.00
Small Appliances,HEATERS,FOUR DOORS,"LG Four Doors Refrigerator 594L, Smart Diagnosis, GCB-334DVL","$1,587.00","$1,587.00"
Small Appliances,HEATERS,BOTTOM MOUNT,"Bosch Fridge Serie 4, Free Standing Fridge Bottom Freezer Stainless Steel 203x70cm, KGN49XI30U","$2,331.00","$2,331.00"
Small Appliances,HEATERS,HOME APPLIANCES,"Kenwood Beverage Cooler, 55 Bottles Capacity, 85W, Glass Door, BCW55.000BK",$999.00,$999.00
Small Appliances,HEATERS,HOME APPLIANCES,"Hisense Fridge Single Door 5 Feet [White], HSN-RR122D4AWU",$190.00,$190.00
Small Appliances,HEATERS,HOME APPLIANCES,Hitachi Top Mount Fridge 489L Black Glass,N/A,N/A
Small Appliances,HEATERS,REFRIGERATORS,"Hisense Fridge No Frost 15Cft, 320L, Safety Glass Shelf, Inverter Compressor – [Silver], HSN-RT418N4ASU",$620.00,$620.00
Small Appliances,HEATERS,HOME APPLIANCES,"Camry 90L Mini Bar Fridge With Freezer (Stainless Steel), CYFR5V",$175.00,$175.00
Small Appliances,HEATERS,HOME APPLIANCES,"Hisense Fridge Top Mount No Frost 21Cft, RT599N4ASU",$770.00,$770.00
Small Appliances,PERSONAL CARE,BOTTOM MOUNT,"Hisense Fridge Cross Door American – 457L Freezer Fridge, Dual-Tech Cooling, Bottom Cooling System – [Silver], HSN-RQ5G470SBS","$1,100.00","$1,100.00"
Small Appliances,PERSONAL CARE,CHEST FREEZERZ,"Concord Chest Freezer Single Hinged Solid Door 224L (White), FC900",$343.00,$343.00
Small Appliances,PERSONAL CARE,FOUR DOORS,"LG Four Doors Refrigerator 594L, Smart Diagnosis, GCB-334DVL","$1,587.00","$1,587.00"
Small Appliances,PERSONAL CARE,BOTTOM MOUNT,"Bosch Fridge Serie 4, Free Standing Fridge Bottom Freezer Stainless Steel 203x70cm, KGN49XI30U","$2,331.00","$2,331.00"
Small Appliances,PERSONAL CARE,HOME APPLIANCES,"Kenwood Beverage Cooler, 55 Bottles Capacity, 85W, Glass Door, BCW55.000BK",$999.00,$999.00
Small Appliances,PERSONAL CARE,HOME APPLIANCES,"Hisense Fridge Single Door 5 Feet [White], HSN-RR122D4AWU",$190.00,$190.00
Small Appliances,PERSONAL CARE,HOME APPLIANCES,Hitachi Top Mount Fridge 489L Black Glass,N/A,N/A
Small Appliances,PERSONAL CARE,REFRIGERATORS,"Hisense Fridge No Frost 15Cft, 320L, Safety Glass Shelf, Inverter Compressor – [Silver], HSN-RT418N4ASU",$620.00,$620.00
Small Appliances,PERSONAL CARE,HOME APPLIANCES,"Camry 90L Mini Bar Fridge With Freezer (Stainless Steel), CYFR5V",$175.00,$175.00
Small Appliances,PERSONAL CARE,HOME APPLIANCES,"Hisense Fridge Top Mount No Frost 21Cft, RT599N4ASU",$770.00,$770.00
Electronics,COMPUTERS,BOTTOM MOUNT,"Hisense Fridge Cross Door American – 457L Freezer Fridge, Dual-Tech Cooling, Bottom Cooling System – [Silver], HSN-RQ5G470SBS","$1,100.00","$1,100.00"
Electronics,COMPUTERS,CHEST FREEZERZ,"Concord Chest Freezer Single Hinged Solid Door 224L (White), FC900",$343.00,$343.00
Electronics,COMPUTERS,FOUR DOORS,"LG Four Doors Refrigerator 594L, Smart Diagnosis, GCB-334DVL","$1,587.00","$1,587.00"
Electronics,COMPUTERS,BOTTOM MOUNT,"Bosch Fridge Serie 4, Free Standing Fridge Bottom Freezer Stainless Steel 203x70cm, KGN49XI30U","$2,331.00","$2,331.00"
Electronics,COMPUTERS,HOME APPLIANCES,"Kenwood Beverage Cooler, 55 Bottles Capacity, 85W, Glass Door, BCW55.000BK",$999.00,$999.00
Electronics,COMPUTERS,HOME APPLIANCES,"Hisense Fridge Single Door 5 Feet [White], HSN-RR122D4AWU",$190.00,$190.00
Electronics,COMPUTERS,HOME APPLIANCES,Hitachi Top Mount Fridge 489L Black Glass,N/A,N/A
Electronics,COMPUTERS,REFRIGERATORS,"Hisense Fridge No Frost 15Cft, 320L, Safety Glass Shelf, Inverter Compressor – [Silver], HSN-RT418N4ASU",$620.00,$620.00
Electronics,COMPUTERS,HOME APPLIANCES,"Camry 90L Mini Bar Fridge With Freezer (Stainless Steel), CYFR5V",$175.00,$175.00
Electronics,COMPUTERS,HOME APPLIANCES,"Hisense Fridge Top Mount No Frost 21Cft, RT599N4ASU",$770.00,$770.00
Electronics,AUTOMATIVE,BOTTOM MOUNT,"Hisense Fridge Cross Door American – 457L Freezer Fridge, Dual-Tech Cooling, Bottom Cooling System – [Silver], HSN-RQ5G470SBS","$1,100.00","$1,100.00"
Electronics,AUTOMATIVE,CHEST FREEZERZ,"Concord Chest Freezer Single Hinged Solid Door 224L (White), FC900",$343.00,$343.00
Electronics,AUTOMATIVE,FOUR DOORS,"LG Four Doors Refrigerator 594L, Smart Diagnosis, GCB-334DVL","$1,587.00","$1,587.00"
Electronics,AUTOMATIVE,BOTTOM MOUNT,"Bosch Fridge Serie 4, Free Standing Fridge Bottom Freezer Stainless Steel 203x70cm, KGN49XI30U","$2,331.00","$2,331.00"
Electronics,AUTOMATIVE,HOME APPLIANCES,"Kenwood Beverage Cooler, 55 Bottles Capacity, 85W, Glass Door, BCW55.000BK",$999.00,$999.00
Electronics,AUTOMATIVE,HOME APPLIANCES,"Hisense Fridge Single Door 5 Feet [White], HSN-RR122D4AWU",$190.00,$190.00
Electronics,AUTOMATIVE,HOME APPLIANCES,Hitachi Top Mount Fridge 489L Black Glass,N/A,N/A
Electronics,AUTOMATIVE,REFRIGERATORS,"Hisense Fridge No Frost 15Cft, 320L, Safety Glass Shelf, Inverter Compressor – [Silver], HSN-RT418N4ASU",$620.00,$620.00
Electronics,AUTOMATIVE,HOME APPLIANCES,"Camry 90L Mini Bar Fridge With Freezer (Stainless Steel), CYFR5V",$175.00,$175.00
Electronics,AUTOMATIVE,HOME APPLIANCES,"Hisense Fridge Top Mount No Frost 21Cft, RT599N4ASU",$770.00,$770.00
Electronics,MOBILES,BOTTOM MOUNT,"Hisense Fridge Cross Door American – 457L Freezer Fridge, Dual-Tech Cooling, Bottom Cooling System – [Silver], HSN-RQ5G470SBS","$1,100.00","$1,100.00"
Electronics,MOBILES,CHEST FREEZERZ,"Concord Chest Freezer Single Hinged Solid Door 224L (White), FC900",$343.00,$343.00
Electronics,MOBILES,FOUR DOORS,"LG Four Doors Refrigerator 594L, Smart Diagnosis, GCB-334DVL","$1,587.00","$1,587.00"
Electronics,MOBILES,BOTTOM MOUNT,"Bosch Fridge Serie 4, Free Standing Fridge Bottom Freezer Stainless Steel 203x70cm, KGN49XI30U","$2,331.00","$2,331.00"
Electronics,MOBILES,HOME APPLIANCES,"Kenwood Beverage Cooler, 55 Bottles Capacity, 85W, Glass Door, BCW55.000BK",$999.00,$999.00
Electronics,MOBILES,HOME APPLIANCES,"Hisense Fridge Single Door 5 Feet [White], HSN-RR122D4AWU",$190.00,$190.00
Electronics,MOBILES,HOME APPLIANCES,Hitachi Top Mount Fridge 489L Black Glass,N/A,N/A
Electronics,MOBILES,REFRIGERATORS,"Hisense Fridge No Frost 15Cft, 320L, Safety Glass Shelf, Inverter Compressor – [Silver], HSN-RT418N4ASU",$620.00,$620.00
Electronics,MOBILES,HOME APPLIANCES,"Camry 90L Mini Bar Fridge With Freezer (Stainless Steel), CYFR5V",$175.00,$175.00
Electronics,MOBILES,HOME APPLIANCES,"Hisense Fridge Top Mount No Frost 21Cft, RT599N4ASU",$770.00,$770.00
Electronics,TABLETS,BOTTOM MOUNT,"Hisense Fridge Cross Door American – 457L Freezer Fridge, Dual-Tech Cooling, Bottom Cooling System – [Silver], HSN-RQ5G470SBS","$1,100.00","$1,100.00"
Electronics,TABLETS,CHEST FREEZERZ,"Concord Chest Freezer Single Hinged Solid Door 224L (White), FC900",$343.00,$343.00
Electronics,TABLETS,FOUR DOORS,"LG Four Doors Refrigerator 594L, Smart Diagnosis, GCB-334DVL","$1,587.00","$1,587.00"
Electronics,TABLETS,BOTTOM MOUNT,"Bosch Fridge Serie 4, Free Standing Fridge Bottom Freezer Stainless Steel 203x70cm, KGN49XI30U","$2,331.00","$2,331.00"
Electronics,TABLETS,HOME APPLIANCES,"Kenwood Beverage Cooler, 55 Bottles Capacity, 85W, Glass Door, BCW55.000BK",$999.00,$999.00
Electronics,TABLETS,HOME APPLIANCES,"Hisense Fridge Single Door 5 Feet [White], HSN-RR122D4AWU",$190.00,$190.00
Electronics,TABLETS,HOME APPLIANCES,Hitachi Top Mount Fridge 489L Black Glass,N/A,N/A
Electronics,TABLETS,REFRIGERATORS,"Hisense Fridge No Frost 15Cft, 320L, Safety Glass Shelf, Inverter Compressor – [Silver], HSN-RT418N4ASU",$620.00,$620.00
Electronics,TABLETS,HOME APPLIANCES,"Camry 90L Mini Bar Fridge With Freezer (Stainless Steel), CYFR5V",$175.00,$175.00
Electronics,TABLETS,HOME APPLIANCES,"Hisense Fridge Top Mount No Frost 21Cft, RT599N4ASU",$770.00,$770.00
Electronics,WEARABLES,BOTTOM MOUNT,"Hisense Fridge Cross Door American – 457L Freezer Fridge, Dual-Tech Cooling, Bottom Cooling System – [Silver], HSN-RQ5G470SBS","$1,100.00","$1,100.00"
Electronics,WEARABLES,CHEST FREEZERZ,"Concord Chest Freezer Single Hinged Solid Door 224L (White), FC900",$343.00,$343.00
Electronics,WEARABLES,FOUR DOORS,"LG Four Doors Refrigerator 594L, Smart Diagnosis, GCB-334DVL","$1,587.00","$1,587.00"
Electronics,WEARABLES,BOTTOM MOUNT,"Bosch Fridge Serie 4, Free Standing Fridge Bottom Freezer Stainless Steel 203x70cm, KGN49XI30U","$2,331.00","$2,331.00"
Electronics,WEARABLES,HOME APPLIANCES,"Kenwood Beverage Cooler, 55 Bottles Capacity, 85W, Glass Door, BCW55.000BK",$999.00,$999.00
Electronics,WEARABLES,HOME APPLIANCES,"Hisense Fridge Single Door 5 Feet [White], HSN-RR122D4AWU",$190.00,$190.00
Electronics,WEARABLES,HOME APPLIANCES,Hitachi Top Mount Fridge 489L Black Glass,N/A,N/A
Electronics,WEARABLES,REFRIGERATORS,"Hisense Fridge No Frost 15Cft, 320L, Safety Glass Shelf, Inverter Compressor – [Silver], HSN-RT418N4ASU",$620.00,$620.00
Electronics,WEARABLES,HOME APPLIANCES,"Camry 90L Mini Bar Fridge With Freezer (Stainless Steel), CYFR5V",$175.00,$175.00
Electronics,WEARABLES,HOME APPLIANCES,"Hisense Fridge Top Mount No Frost 21Cft, RT599N4ASU",$770.00,$770.00
Electronics,GAMING,BOTTOM MOUNT,"Hisense Fridge Cross Door American – 457L Freezer Fridge, Dual-Tech Cooling, Bottom Cooling System – [Silver], HSN-RQ5G470SBS","$1,100.00","$1,100.00"
Electronics,GAMING,CHEST FREEZERZ,"Concord Chest Freezer Single Hinged Solid Door 224L (White), FC900",$343.00,$343.00
Electronics,GAMING,FOUR DOORS,"LG Four Doors Refrigerator 594L, Smart Diagnosis, GCB-334DVL","$1,587.00","$1,587.00"
Electronics,GAMING,BOTTOM MOUNT,"Bosch Fridge Serie 4, Free Standing Fridge Bottom Freezer Stainless Steel 203x70cm, KGN49XI30U","$2,331.00","$2,331.00"
Electronics,GAMING,HOME APPLIANCES,"Kenwood Beverage Cooler, 55 Bottles Capacity, 85W, Glass Door, BCW55.000BK",$999.00,$999.00
Electronics,GAMING,HOME APPLIANCES,"Hisense Fridge Single Door 5 Feet [White], HSN-RR122D4AWU",$190.00,$190.00
Electronics,GAMING,HOME APPLIANCES,Hitachi Top Mount Fridge 489L Black Glass,N/A,N/A
Electronics,GAMING,REFRIGERATORS,"Hisense Fridge No Frost 15Cft, 320L, Safety Glass Shelf, Inverter Compressor – [Silver], HSN-RT418N4ASU",$620.00,$620.00
Electronics,GAMING,HOME APPLIANCES,"Camry 90L Mini Bar Fridge With Freezer (Stainless Steel), CYFR5V",$175.00,$175.00
Electronics,GAMING,HOME APPLIANCES,"Hisense Fridge Top Mount No Frost 21Cft, RT599N4ASU",$770.00,$770.00
Electronics,GADGETS,BOTTOM MOUNT,"Hisense Fridge Cross Door American – 457L Freezer Fridge, Dual-Tech Cooling, Bottom Cooling System – [Silver], HSN-RQ5G470SBS","$1,100.00","$1,100.00"
Electronics,GADGETS,CHEST FREEZERZ,"Concord Chest Freezer Single Hinged Solid Door 224L (White), FC900",$343.00,$343.00
Electronics,GADGETS,FOUR DOORS,"LG Four Doors Refrigerator 594L, Smart Diagnosis, GCB-334DVL","$1,587.00","$1,587.00"
Electronics,GADGETS,BOTTOM MOUNT,"Bosch Fridge Serie 4, Free Standing Fridge Bottom Freezer Stainless Steel 203x70cm, KGN49XI30U","$2,331.00","$2,331.00"
Electronics,GADGETS,HOME APPLIANCES,"Kenwood Beverage Cooler, 55 Bottles Capacity, 85W, Glass Door, BCW55.000BK",$999.00,$999.00
Electronics,GADGETS,HOME APPLIANCES,"Hisense Fridge Single Door 5 Feet [White], HSN-RR122D4AWU",$190.00,$190.00
Electronics,GADGETS,HOME APPLIANCES,Hitachi Top Mount Fridge 489L Black Glass,N/A,N/A
Electronics,GADGETS,REFRIGERATORS,"Hisense Fridge No Frost 15Cft, 320L, Safety Glass Shelf, Inverter Compressor – [Silver], HSN-RT418N4ASU",$620.00,$620.00
Electronics,GADGETS,HOME APPLIANCES,"Camry 90L Mini Bar Fridge With Freezer (Stainless Steel), CYFR5V",$175.00,$175.00
Electronics,GADGETS,HOME APPLIANCES,"Hisense Fridge Top Mount No Frost 21Cft, RT599N4ASU",$770.00,$770.00
Home & Living,BED & BATH,BOTTOM MOUNT,"Hisense Fridge Cross Door American – 457L Freezer Fridge, Dual-Tech Cooling, Bottom Cooling System – [Silver], HSN-RQ5G470SBS","$1,100.00","$1,100.00"
Home & Living,BED & BATH,CHEST FREEZERZ,"Concord Chest Freezer Single Hinged Solid Door 224L (White), FC900",$343.00,$343.00
Home & Living,BED & BATH,FOUR DOORS,"LG Four Doors Refrigerator 594L, Smart Diagnosis, GCB-334DVL","$1,587.00","$1,587.00"
Home & Living,BED & BATH,BOTTOM MOUNT,"Bosch Fridge Serie 4, Free Standing Fridge Bottom Freezer Stainless Steel 203x70cm, KGN49XI30U","$2,331.00","$2,331.00"
Home & Living,BED & BATH,HOME APPLIANCES,"Kenwood Beverage Cooler, 55 Bottles Capacity, 85W, Glass Door, BCW55.000BK",$999.00,$999.00
Home & Living,BED & BATH,HOME APPLIANCES,"Hisense Fridge Single Door 5 Feet [White], HSN-RR122D4AWU",$190.00,$190.00
Home & Living,BED & BATH,HOME APPLIANCES,Hitachi Top Mount Fridge 489L Black Glass,N/A,N/A
Home & Living,BED & BATH,REFRIGERATORS,"Hisense Fridge No Frost 15Cft, 320L, Safety Glass Shelf, Inverter Compressor – [Silver], HSN-RT418N4ASU",$620.00,$620.00
Home & Living,BED & BATH,HOME APPLIANCES,"Camry 90L Mini Bar Fridge With Freezer (Stainless Steel), CYFR5V",$175.00,$175.00
Home & Living,BED & BATH,HOME APPLIANCES,"Hisense Fridge Top Mount No Frost 21Cft, RT599N4ASU",$770.00,$770.00
Home & Living,HOMEWARE,BOTTOM MOUNT,"Hisense Fridge Cross Door American – 457L Freezer Fridge, Dual-Tech Cooling, Bottom Cooling System – [Silver], HSN-RQ5G470SBS","$1,100.00","$1,100.00"
Home & Living,HOMEWARE,CHEST FREEZERZ,"Concord Chest Freezer Single Hinged Solid Door 224L (White), FC900",$343.00,$343.00
Home & Living,HOMEWARE,FOUR DOORS,"LG Four Doors Refrigerator 594L, Smart Diagnosis, GCB-334DVL","$1,587.00","$1,587.00"
Home & Living,HOMEWARE,BOTTOM MOUNT,"Bosch Fridge Serie 4, Free Standing Fridge Bottom Freezer Stainless Steel 203x70cm, KGN49XI30U","$2,331.00","$2,331.00"
Home & Living,HOMEWARE,HOME APPLIANCES,"Kenwood Beverage Cooler, 55 Bottles Capacity, 85W, Glass Door, BCW55.000BK",$999.00,$999.00
Home & Living,HOMEWARE,HOME APPLIANCES,"Hisense Fridge Single Door 5 Feet [White], HSN-RR122D4AWU",$190.00,$190.00
Home & Living,HOMEWARE,HOME APPLIANCES,Hitachi Top Mount Fridge 489L Black Glass,N/A,N/A
Home & Living,HOMEWARE,REFRIGERATORS,"Hisense Fridge No Frost 15Cft, 320L, Safety Glass Shelf, Inverter Compressor – [Silver], HSN-RT418N4ASU",$620.00,$620.00
Home & Living,HOMEWARE,HOME APPLIANCES,"Camry 90L Mini Bar Fridge With Freezer (Stainless Steel), CYFR5V",$175.00,$175.00
Home & Living,HOMEWARE,HOME APPLIANCES,"Hisense Fridge Top Mount No Frost 21Cft, RT599N4ASU",$770.00,$770.00
Home & Living,FURNITURE & OFFICE,BOTTOM MOUNT,"Hisense Fridge Cross Door American – 457L Freezer Fridge, Dual-Tech Cooling, Bottom Cooling System – [Silver], HSN-RQ5G470SBS","$1,100.00","$1,100.00"
Home & Living,FURNITURE & OFFICE,CHEST FREEZERZ,"Concord Chest Freezer Single Hinged Solid Door 224L (White), FC900",$343.00,$343.00
Home & Living,FURNITURE & OFFICE,FOUR DOORS,"LG Four Doors Refrigerator 594L, Smart Diagnosis, GCB-334DVL","$1,587.00","$1,587.00"
Home & Living,FURNITURE & OFFICE,BOTTOM MOUNT,"Bosch Fridge Serie 4, Free Standing Fridge Bottom Freezer Stainless Steel 203x70cm, KGN49XI30U","$2,331.00","$2,331.00"
Home & Living,FURNITURE & OFFICE,HOME APPLIANCES,"Kenwood Beverage Cooler, 55 Bottles Capacity, 85W, Glass Door, BCW55.000BK",$999.00,$999.00
Home & Living,FURNITURE & OFFICE,HOME APPLIANCES,"Hisense Fridge Single Door 5 Feet [White], HSN-RR122D4AWU",$190.00,$190.00
Home & Living,FURNITURE & OFFICE,HOME APPLIANCES,Hitachi Top Mount Fridge 489L Black Glass,N/A,N/A
Home & Living,FURNITURE & OFFICE,REFRIGERATORS,"Hisense Fridge No Frost 15Cft, 320L, Safety Glass Shelf, Inverter Compressor – [Silver], HSN-RT418N4ASU",$620.00,$620.00
Home & Living,FURNITURE & OFFICE,HOME APPLIANCES,"Camry 90L Mini Bar Fridge With Freezer (Stainless Steel), CYFR5V",$175.00,$175.00
Home & Living,FURNITURE & OFFICE,HOME APPLIANCES,"Hisense Fridge Top Mount No Frost 21Cft, RT599N4ASU",$770.00,$770.00
Home & Living,GARDEN TOOLS,BOTTOM MOUNT,"Hisense Fridge Cross Door American – 457L Freezer Fridge, Dual-Tech Cooling, Bottom Cooling System – [Silver], HSN-RQ5G470SBS","$1,100.00","$1,100.00"
Home & Living,GARDEN TOOLS,CHEST FREEZERZ,"Concord Chest Freezer Single Hinged Solid Door 224L (White), FC900",$343.00,$343.00
Home & Living,GARDEN TOOLS,FOUR DOORS,"LG Four Doors Refrigerator 594L, Smart Diagnosis, GCB-334DVL","$1,587.00","$1,587.00"
Home & Living,GARDEN TOOLS,BOTTOM MOUNT,"Bosch Fridge Serie 4, Free Standing Fridge Bottom Freezer Stainless Steel 203x70cm, KGN49XI30U","$2,331.00","$2,331.00"
Home & Living,GARDEN TOOLS,HOME APPLIANCES,"Kenwood Beverage Cooler, 55 Bottles Capacity, 85W, Glass Door, BCW55.000BK",$999.00,$999.00
Home & Living,GARDEN TOOLS,HOME APPLIANCES,"Hisense Fridge Single Door 5 Feet [White], HSN-RR122D4AWU",$190.00,$190.00
Home & Living,GARDEN TOOLS,HOME APPLIANCES,Hitachi Top Mount Fridge 489L Black Glass,N/A,N/A
Home & Living,GARDEN TOOLS,REFRIGERATORS,"Hisense Fridge No Frost 15Cft, 320L, Safety Glass Shelf, Inverter Compressor – [Silver], HSN-RT418N4ASU",$620.00,$620.00
Home & Living,GARDEN TOOLS,HOME APPLIANCES,"Camry 90L Mini Bar Fridge With Freezer (Stainless Steel), CYFR5V",$175.00,$175.00
Home & Living,GARDEN TOOLS,HOME APPLIANCES,"Hisense Fridge Top Mount No Frost 21Cft, RT599N4ASU",$770.00,$770.00
Home & Living,LIGHTING,BOTTOM MOUNT,"Hisense Fridge Cross Door American – 457L Freezer Fridge, Dual-Tech Cooling, Bottom Cooling System – [Silver], HSN-RQ5G470SBS","$1,100.00","$1,100.00"
Home & Living,LIGHTING,CHEST FREEZERZ,"Concord Chest Freezer Single Hinged Solid Door 224L (White), FC900",$343.00,$343.00
Home & Living,LIGHTING,FOUR DOORS,"LG Four Doors Refrigerator 594L, Smart Diagnosis, GCB-334DVL","$1,587.00","$1,587.00"
Home & Living,LIGHTING,BOTTOM MOUNT,"Bosch Fridge Serie 4, Free Standing Fridge Bottom Freezer Stainless Steel 203x70cm, KGN49XI30U","$2,331.00","$2,331.00"
Home & Living,LIGHTING,HOME APPLIANCES,"Kenwood Beverage Cooler, 55 Bottles Capacity, 85W, Glass Door, BCW55.000BK",$999.00,$999.00
Home & Living,LIGHTING,HOME APPLIANCES,"Hisense Fridge Single Door 5 Feet [White], HSN-RR122D4AWU",$190.00,$190.00
Home & Living,LIGHTING,HOME APPLIANCES,Hitachi Top Mount Fridge 489L Black Glass,N/A,N/A
Home & Living,LIGHTING,REFRIGERATORS,"Hisense Fridge No Frost 15Cft, 320L, Safety Glass Shelf, Inverter Compressor – [Silver], HSN-RT418N4ASU",$620.00,$620.00
Home & Living,LIGHTING,HOME APPLIANCES,"Camry 90L Mini Bar Fridge With Freezer (Stainless Steel), CYFR5V",$175.00,$175.00
Home & Living,LIGHTING,HOME APPLIANCES,"Hisense Fridge Top Mount No Frost 21Cft, RT599N4ASU",$770.00,$770.00
Home & Living,BAGS,BOTTOM MOUNT,"Hisense Fridge Cross Door American – 457L Freezer Fridge, Dual-Tech Cooling, Bottom Cooling System – [Silver], HSN-RQ5G470SBS","$1,100.00","$1,100.00"
Home & Living,BAGS,CHEST FREEZERZ,"Concord Chest Freezer Single Hinged Solid Door 224L (White), FC900",$343.00,$343.00
Home & Living,BAGS,FOUR DOORS,"LG Four Doors Refrigerator 594L, Smart Diagnosis, GCB-334DVL","$1,587.00","$1,587.00"
Home & Living,BAGS,BOTTOM MOUNT,"Bosch Fridge Serie 4, Free Standing Fridge Bottom Freezer Stainless Steel 203x70cm, KGN49XI30U","$2,331.00","$2,331.00"
Home & Living,BAGS,HOME APPLIANCES,"Kenwood Beverage Cooler, 55 Bottles Capacity, 85W, Glass Door, BCW55.000BK",$999.00,$999.00
Home & Living,BAGS,HOME APPLIANCES,"Hisense Fridge Single Door 5 Feet [White], HSN-RR122D4AWU",$190.00,$190.00
Home & Living,BAGS,HOME APPLIANCES,Hitachi Top Mount Fridge 489L Black Glass,N/A,N/A
Home & Living,BAGS,REFRIGERATORS,"Hisense Fridge No Frost 15Cft, 320L, Safety Glass Shelf, Inverter Compressor – [Silver], HSN-RT418N4ASU",$620.00,$620.00
Home & Living,BAGS,HOME APPLIANCES,"Camry 90L Mini Bar Fridge With Freezer (Stainless Steel), CYFR5V",$175.00,$175.00
Home & Living,BAGS,HOME APPLIANCES,"Hisense Fridge Top Mount No Frost 21Cft, RT599N4ASU",$770.00,$770.00
Home & Living,SMOKING LEGACY,BOTTOM MOUNT,"Hisense Fridge Cross Door American – 457L Freezer Fridge, Dual-Tech Cooling, Bottom Cooling System – [Silver], HSN-RQ5G470SBS","$1,100.00","$1,100.00"
Home & Living,SMOKING LEGACY,CHEST FREEZERZ,"Concord Chest Freezer Single Hinged Solid Door 224L (White), FC900",$343.00,$343.00
Home & Living,SMOKING LEGACY,FOUR DOORS,"LG Four Doors Refrigerator 594L, Smart Diagnosis, GCB-334DVL","$1,587.00","$1,587.00"
Home & Living,SMOKING LEGACY,BOTTOM MOUNT,"Bosch Fridge Serie 4, Free Standing Fridge Bottom Freezer Stainless Steel 203x70cm, KGN49XI30U","$2,331.00","$2,331.00"
Home & Living,SMOKING LEGACY,HOME APPLIANCES,"Kenwood Beverage Cooler, 55 Bottles Capacity, 85W, Glass Door, BCW55.000BK",$999.00,$999.00
Home & Living,SMOKING LEGACY,HOME APPLIANCES,"Hisense Fridge Single Door 5 Feet [White], HSN-RR122D4AWU",$190.00,$190.00
Home & Living,SMOKING LEGACY,HOME APPLIANCES,Hitachi Top Mount Fridge 489L Black Glass,N/A,N/A
Home & Living,SMOKING LEGACY,REFRIGERATORS,"Hisense Fridge No Frost 15Cft, 320L, Safety Glass Shelf, Inverter Compressor – [Silver], HSN-RT418N4ASU",$620.00,$620.00
Home & Living,SMOKING LEGACY,HOME APPLIANCES,"Camry 90L Mini Bar Fridge With Freezer (Stainless Steel), CYFR5V",$175.00,$175.00
Home & Living,SMOKING LEGACY,HOME APPLIANCES,"Hisense Fridge Top Mount No Frost 21Cft, RT599N4ASU",$770.00,$770.00
Sports & Music,SPORTS EQUIPMENT,BOTTOM MOUNT,"Hisense Fridge Cross Door American – 457L Freezer Fridge, Dual-Tech Cooling, Bottom Cooling System – [Silver], HSN-RQ5G470SBS","$1,100.00","$1,100.00"
Sports & Music,SPORTS EQUIPMENT,CHEST FREEZERZ,"Concord Chest Freezer Single Hinged Solid Door 224L (White), FC900",$343.00,$343.00
Sports & Music,SPORTS EQUIPMENT,FOUR DOORS,"LG Four Doors Refrigerator 594L, Smart Diagnosis, GCB-334DVL","$1,587.00","$1,587.00"
Sports & Music,SPORTS EQUIPMENT,BOTTOM MOUNT,"Bosch Fridge Serie 4, Free Standing Fridge Bottom Freezer Stainless Steel 203x70cm, KGN49XI30U","$2,331.00","$2,331.00"
Sports & Music,SPORTS EQUIPMENT,HOME APPLIANCES,"Kenwood Beverage Cooler, 55 Bottles Capacity, 85W, Glass Door, BCW55.000BK",$999.00,$999.00
Sports & Music,SPORTS EQUIPMENT,HOME APPLIANCES,"Hisense Fridge Single Door 5 Feet [White], HSN-RR122D4AWU",$190.00,$190.00
Sports & Music,SPORTS EQUIPMENT,HOME APPLIANCES,Hitachi Top Mount Fridge 489L Black Glass,N/A,N/A
Sports & Music,SPORTS EQUIPMENT,REFRIGERATORS,"Hisense Fridge No Frost 15Cft, 320L, Safety Glass Shelf, Inverter Compressor – [Silver], HSN-RT418N4ASU",$620.00,$620.00
Sports & Music,SPORTS EQUIPMENT,HOME APPLIANCES,"Camry 90L Mini Bar Fridge With Freezer (Stainless Steel), CYFR5V",$175.00,$175.00
Sports & Music,SPORTS EQUIPMENT,HOME APPLIANCES,"Hisense Fridge Top Mount No Frost 21Cft, RT599N4ASU",$770.00,$770.00
Sports & Music,OUTDOOR SPORTS,BOTTOM MOUNT,"Hisense Fridge Cross Door American – 457L Freezer Fridge, Dual-Tech Cooling, Bottom Cooling System – [Silver], HSN-RQ5G470SBS","$1,100.00","$1,100.00"
Sports & Music,OUTDOOR SPORTS,CHEST FREEZERZ,"Concord Chest Freezer Single Hinged Solid Door 224L (White), FC900",$343.00,$343.00
Sports & Music,OUTDOOR SPORTS,FOUR DOORS,"LG Four Doors Refrigerator 594L, Smart Diagnosis, GCB-334DVL","$1,587.00","$1,587.00"
Sports & Music,OUTDOOR SPORTS,BOTTOM MOUNT,"Bosch Fridge Serie 4, Free Standing Fridge Bottom Freezer Stainless Steel 203x70cm, KGN49XI30U","$2,331.00","$2,331.00"
Sports & Music,OUTDOOR SPORTS,HOME APPLIANCES,"Kenwood Beverage Cooler, 55 Bottles Capacity, 85W, Glass Door, BCW55.000BK",$999.00,$999.00
Sports & Music,OUTDOOR SPORTS,HOME APPLIANCES,"Hisense Fridge Single Door 5 Feet [White], HSN-RR122D4AWU",$190.00,$190.00
Sports & Music,OUTDOOR SPORTS,HOME APPLIANCES,Hitachi Top Mount Fridge 489L Black Glass,N/A,N/A
Sports & Music,OUTDOOR SPORTS,REFRIGERATORS,"Hisense Fridge No Frost 15Cft, 320L, Safety Glass Shelf, Inverter Compressor – [Silver], HSN-RT418N4ASU",$620.00,$620.00
Sports & Music,OUTDOOR SPORTS,HOME APPLIANCES,"Camry 90L Mini Bar Fridge With Freezer (Stainless Steel), CYFR5V",$175.00,$175.00
Sports & Music,OUTDOOR SPORTS,HOME APPLIANCES,"Hisense Fridge Top Mount No Frost 21Cft, RT599N4ASU",$770.00,$770.00
Sports & Music,MUSIC INSTRUMENTS,BOTTOM MOUNT,"Hisense Fridge Cross Door American – 457L Freezer Fridge, Dual-Tech Cooling, Bottom Cooling System – [Silver], HSN-RQ5G470SBS","$1,100.00","$1,100.00"
Sports & Music,MUSIC INSTRUMENTS,CHEST FREEZERZ,"Concord Chest Freezer Single Hinged Solid Door 224L (White), FC900",$343.00,$343.00
Sports & Music,MUSIC INSTRUMENTS,FOUR DOORS,"LG Four Doors Refrigerator 594L, Smart Diagnosis, GCB-334DVL","$1,587.00","$1,587.00"
Sports & Music,MUSIC INSTRUMENTS,BOTTOM MOUNT,"Bosch Fridge Serie 4, Free Standing Fridge Bottom Freezer Stainless Steel 203x70cm, KGN49XI30U","$2,331.00","$2,331.00"
Sports & Music,MUSIC INSTRUMENTS,HOME APPLIANCES,"Kenwood Beverage Cooler, 55 Bottles Capacity, 85W, Glass Door, BCW55.000BK",$999.00,$999.00
Sports & Music,MUSIC INSTRUMENTS,HOME APPLIANCES,"Hisense Fridge Single Door 5 Feet [White], HSN-RR122D4AWU",$190.00,$190.00
Sports & Music,MUSIC INSTRUMENTS,HOME APPLIANCES,Hitachi Top Mount Fridge 489L Black Glass,N/A,N/A
Sports & Music,MUSIC INSTRUMENTS,REFRIGERATORS,"Hisense Fridge No Frost 15Cft, 320L, Safety Glass Shelf, Inverter Compressor – [Silver], HSN-RT418N4ASU",$620.00,$620.00
Sports & Music,MUSIC INSTRUMENTS,HOME APPLIANCES,"Camry 90L Mini Bar Fridge With Freezer (Stainless Steel), CYFR5V",$175.00,$175.00
Sports & Music,MUSIC INSTRUMENTS,HOME APPLIANCES,"Hisense Fridge Top Mount No Frost 21Cft, RT599N4ASU",$770.00,$770.00
Sports & Music,SOUND GEAR,BOTTOM MOUNT,"Hisense Fridge Cross Door American – 457L Freezer Fridge, Dual-Tech Cooling, Bottom Cooling System – [Silver], HSN-RQ5G470SBS","$1,100.00","$1,100.00"
Sports & Music,SOUND GEAR,CHEST FREEZERZ,"Concord Chest Freezer Single Hinged Solid Door 224L (White), FC900",$343.00,$343.00
Sports & Music,SOUND GEAR,FOUR DOORS,"LG Four Doors Refrigerator 594L, Smart Diagnosis, GCB-334DVL","$1,587.00","$1,587.00"
Sports & Music,SOUND GEAR,BOTTOM MOUNT,"Bosch Fridge Serie 4, Free Standing Fridge Bottom Freezer Stainless Steel 203x70cm, KGN49XI30U","$2,331.00","$2,331.00"
Sports & Music,SOUND GEAR,HOME APPLIANCES,"Kenwood Beverage Cooler, 55 Bottles Capacity, 85W, Glass Door, BCW55.000BK",$999.00,$999.00
Sports & Music,SOUND GEAR,HOME APPLIANCES,"Hisense Fridge Single Door 5 Feet [White], HSN-RR122D4AWU",$190.00,$190.00
Sports & Music,SOUND GEAR,HOME APPLIANCES,Hitachi Top Mount Fridge 489L Black Glass,N/A,N/A
Sports & Music,SOUND GEAR,REFRIGERATORS,"Hisense Fridge No Frost 15Cft, 320L, Safety Glass Shelf, Inverter Compressor – [Silver], HSN-RT418N4ASU",$620.00,$620.00
Sports & Music,SOUND GEAR,HOME APPLIANCES,"Camry 90L Mini Bar Fridge With Freezer (Stainless Steel), CYFR5V",$175.00,$175.00
Sports & Music,SOUND GEAR,HOME APPLIANCES,"Hisense Fridge Top Mount No Frost 21Cft, RT599N4ASU",$770.00,$770.00
Sports & Music,DJ GEAR,BOTTOM MOUNT,"Hisense Fridge Cross Door American – 457L Freezer Fridge, Dual-Tech Cooling, Bottom Cooling System – [Silver], HSN-RQ5G470SBS","$1,100.00","$1,100.00"
Sports & Music,DJ GEAR,CHEST FREEZERZ,"Concord Chest Freezer Single Hinged Solid Door 224L (White), FC900",$343.00,$343.00
Sports & Music,DJ GEAR,FOUR DOORS,"LG Four Doors Refrigerator 594L, Smart Diagnosis, GCB-334DVL","$1,587.00","$1,587.00"
Sports & Music,DJ GEAR,BOTTOM MOUNT,"Bosch Fridge Serie 4, Free Standing Fridge Bottom Freezer Stainless Steel 203x70cm, KGN49XI30U","$2,331.00","$2,331.00"
Sports & Music,DJ GEAR,HOME APPLIANCES,"Kenwood Beverage Cooler, 55 Bottles Capacity, 85W, Glass Door, BCW55.000BK",$999.00,$999.00
Sports & Music,DJ GEAR,HOME APPLIANCES,"Hisense Fridge Single Door 5 Feet [White], HSN-RR122D4AWU",$190.00,$190.00
Sports & Music,DJ GEAR,HOME APPLIANCES,Hitachi Top Mount Fridge 489L Black Glass,N/A,N/A
Sports & Music,DJ GEAR,REFRIGERATORS,"Hisense Fridge No Frost 15Cft, 320L, Safety Glass Shelf, Inverter Compressor – [Silver], HSN-RT418N4ASU",$620.00,$620.00
Sports & Music,DJ GEAR,HOME APPLIANCES,"Camry 90L Mini Bar Fridge With Freezer (Stainless Steel), CYFR5V",$175.00,$175.00
Sports & Music,DJ GEAR,HOME APPLIANCES,"Hisense Fridge Top Mount No Frost 21Cft, RT599N4ASU",$770.00,$770.00
Tv & Audio,TV'S,BOTTOM MOUNT,"Hisense Fridge Cross Door American – 457L Freezer Fridge, Dual-Tech Cooling, Bottom Cooling System – [Silver], HSN-RQ5G470SBS","$1,100.00","$1,100.00"
Tv & Audio,TV'S,CHEST FREEZERZ,"Concord Chest Freezer Single Hinged Solid Door 224L (White), FC900",$343.00,$343.00
Tv & Audio,TV'S,FOUR DOORS,"LG Four Doors Refrigerator 594L, Smart Diagnosis, GCB-334DVL","$1,587.00","$1,587.00"
Tv & Audio,TV'S,BOTTOM MOUNT,"Bosch Fridge Serie 4, Free Standing Fridge Bottom Freezer Stainless Steel 203x70cm, KGN49XI30U","$2,331.00","$2,331.00"
Tv & Audio,TV'S,HOME APPLIANCES,"Kenwood Beverage Cooler, 55 Bottles Capacity, 85W, Glass Door, BCW55.000BK",$999.00,$999.00
Tv & Audio,TV'S,HOME APPLIANCES,"Hisense Fridge Single Door 5 Feet [White], HSN-RR122D4AWU",$190.00,$190.00
Tv & Audio,TV'S,HOME APPLIANCES,Hitachi Top Mount Fridge 489L Black Glass,N/A,N/A
Tv & Audio,TV'S,REFRIGERATORS,"Hisense Fridge No Frost 15Cft, 320L, Safety Glass Shelf, Inverter Compressor – [Silver], HSN-RT418N4ASU",$620.00,$620.00
Tv & Audio,TV'S,HOME APPLIANCES,"Camry 90L Mini Bar Fridge With Freezer (Stainless Steel), CYFR5V",$175.00,$175.00
Tv & Audio,TV'S,HOME APPLIANCES,"Hisense Fridge Top Mount No Frost 21Cft, RT599N4ASU",$770.00,$770.00
Tv & Audio,BRACKETS,BOTTOM MOUNT,"Hisense Fridge Cross Door American – 457L Freezer Fridge, Dual-Tech Cooling, Bottom Cooling System – [Silver], HSN-RQ5G470SBS","$1,100.00","$1,100.00"
Tv & Audio,BRACKETS,CHEST FREEZERZ,"Concord Chest Freezer Single Hinged Solid Door 224L (White), FC900",$343.00,$343.00
Tv & Audio,BRACKETS,FOUR DOORS,"LG Four Doors Refrigerator 594L, Smart Diagnosis, GCB-334DVL","$1,587.00","$1,587.00"
Tv & Audio,BRACKETS,BOTTOM MOUNT,"Bosch Fridge Serie 4, Free Standing Fridge Bottom Freezer Stainless Steel 203x70cm, KGN49XI30U","$2,331.00","$2,331.00"
Tv & Audio,BRACKETS,HOME APPLIANCES,"Kenwood Beverage Cooler, 55 Bottles Capacity, 85W, Glass Door, BCW55.000BK",$999.00,$999.00
Tv & Audio,BRACKETS,HOME APPLIANCES,"Hisense Fridge Single Door 5 Feet [White], HSN-RR122D4AWU",$190.00,$190.00
Tv & Audio,BRACKETS,HOME APPLIANCES,Hitachi Top Mount Fridge 489L Black Glass,N/A,N/A
Tv & Audio,BRACKETS,REFRIGERATORS,"Hisense Fridge No Frost 15Cft, 320L, Safety Glass Shelf, Inverter Compressor – [Silver], HSN-RT418N4ASU",$620.00,$620.00
Tv & Audio,BRACKETS,HOME APPLIANCES,"Camry 90L Mini Bar Fridge With Freezer (Stainless Steel), CYFR5V",$175.00,$175.00
Tv & Audio,BRACKETS,HOME APPLIANCES,"Hisense Fridge Top Mount No Frost 21Cft, RT599N4ASU",$770.00,$770.00
Tv & Audio,HOME AUDIO,BOTTOM MOUNT,"Hisense Fridge Cross Door American – 457L Freezer Fridge, Dual-Tech Cooling, Bottom Cooling System – [Silver], HSN-RQ5G470SBS","$1,100.00","$1,100.00"
Tv & Audio,HOME AUDIO,CHEST FREEZERZ,"Concord Chest Freezer Single Hinged Solid Door 224L (White), FC900",$343.00,$343.00
Tv & Audio,HOME AUDIO,FOUR DOORS,"LG Four Doors Refrigerator 594L, Smart Diagnosis, GCB-334DVL","$1,587.00","$1,587.00"
Tv & Audio,HOME AUDIO,BOTTOM MOUNT,"Bosch Fridge Serie 4, Free Standing Fridge Bottom Freezer Stainless Steel 203x70cm, KGN49XI30U","$2,331.00","$2,331.00"
Tv & Audio,HOME AUDIO,HOME APPLIANCES,"Kenwood Beverage Cooler, 55 Bottles Capacity, 85W, Glass Door, BCW55.000BK",$999.00,$999.00
Tv & Audio,HOME AUDIO,HOME APPLIANCES,"Hisense Fridge Single Door 5 Feet [White], HSN-RR122D4AWU",$190.00,$190.00
Tv & Audio,HOME AUDIO,HOME APPLIANCES,Hitachi Top Mount Fridge 489L Black Glass,N/A,N/A
Tv & Audio,HOME AUDIO,REFRIGERATORS,"Hisense Fridge No Frost 15Cft, 320L, Safety Glass Shelf, Inverter Compressor – [Silver], HSN-RT418N4ASU",$620.00,$620.00
Tv & Audio,HOME AUDIO,HOME APPLIANCES,"Camry 90L Mini Bar Fridge With Freezer (Stainless Steel), CYFR5V",$175.00,$175.00
Tv & Audio,HOME AUDIO,HOME APPLIANCES,"Hisense Fridge Top Mount No Frost 21Cft, RT599N4ASU",$770.00,$770.00
Tv & Audio,HEADSETS,BOTTOM MOUNT,"Hisense Fridge Cross Door American – 457L Freezer Fridge, Dual-Tech Cooling, Bottom Cooling System – [Silver], HSN-RQ5G470SBS","$1,100.00","$1,100.00"
Tv & Audio,HEADSETS,CHEST FREEZERZ,"Concord Chest Freezer Single Hinged Solid Door 224L (White), FC900",$343.00,$343.00
Tv & Audio,HEADSETS,FOUR DOORS,"LG Four Doors Refrigerator 594L, Smart Diagnosis, GCB-334DVL","$1,587.00","$1,587.00"
Tv & Audio,HEADSETS,BOTTOM MOUNT,"Bosch Fridge Serie 4, Free Standing Fridge Bottom Freezer Stainless Steel 203x70cm, KGN49XI30U","$2,331.00","$2,331.00"
Tv & Audio,HEADSETS,HOME APPLIANCES,"Kenwood Beverage Cooler, 55 Bottles Capacity, 85W, Glass Door, BCW55.000BK",$999.00,$999.00
Tv & Audio,HEADSETS,HOME APPLIANCES,"Hisense Fridge Single Door 5 Feet [White], HSN-RR122D4AWU",$190.00,$190.00
Tv & Audio,HEADSETS,HOME APPLIANCES,Hitachi Top Mount Fridge 489L Black Glass,N/A,N/A
Tv & Audio,HEADSETS,REFRIGERATORS,"Hisense Fridge No Frost 15Cft, 320L, Safety Glass Shelf, Inverter Compressor – [Silver], HSN-RT418N4ASU",$620.00,$620.00
Tv & Audio,HEADSETS,HOME APPLIANCES,"Camry 90L Mini Bar Fridge With Freezer (Stainless Steel), CYFR5V",$175.00,$175.00
Tv & Audio,HEADSETS,HOME APPLIANCES,"Hisense Fridge Top Mount No Frost 21Cft, RT599N4ASU",$770.00,$770.00
Tv & Audio,SPEAKERS,BOTTOM MOUNT,"Hisense Fridge Cross Door American – 457L Freezer Fridge, Dual-Tech Cooling, Bottom Cooling System – [Silver], HSN-RQ5G470SBS","$1,100.00","$1,100.00"
Tv & Audio,SPEAKERS,CHEST FREEZERZ,"Concord Chest Freezer Single Hinged Solid Door 224L (White), FC900",$343.00,$343.00
Tv & Audio,SPEAKERS,FOUR DOORS,"LG Four Doors Refrigerator 594L, Smart Diagnosis, GCB-334DVL","$1,587.00","$1,587.00"
Tv & Audio,SPEAKERS,BOTTOM MOUNT,"Bosch Fridge Serie 4, Free Standing Fridge Bottom Freezer Stainless Steel 203x70cm, KGN49XI30U","$2,331.00","$2,331.00"
Tv & Audio,SPEAKERS,HOME APPLIANCES,"Kenwood Beverage Cooler, 55 Bottles Capacity, 85W, Glass Door, BCW55.000BK",$999.00,$999.00
Tv & Audio,SPEAKERS,HOME APPLIANCES,"Hisense Fridge Single Door 5 Feet [White], HSN-RR122D4AWU",$190.00,$190.00
Tv & Audio,SPEAKERS,HOME APPLIANCES,Hitachi Top Mount Fridge 489L Black Glass,N/A,N/A
Tv & Audio,SPEAKERS,REFRIGERATORS,"Hisense Fridge No Frost 15Cft, 320L, Safety Glass Shelf, Inverter Compressor – [Silver], HSN-RT418N4ASU",$620.00,$620.00
Tv & Audio,SPEAKERS,HOME APPLIANCES,"Camry 90L Mini Bar Fridge With Freezer (Stainless Steel), CYFR5V",$175.00,$175.00
Tv & Audio,SPEAKERS,HOME APPLIANCES,"Hisense Fridge Top Mount No Frost 21Cft, RT599N4ASU",$770.00,$770.00
Tv & Audio,PROJECTORS,BOTTOM MOUNT,"Hisense Fridge Cross Door American – 457L Freezer Fridge, Dual-Tech Cooling, Bottom Cooling System – [Silver], HSN-RQ5G470SBS","$1,100.00","$1,100.00"
Tv & Audio,PROJECTORS,CHEST FREEZERZ,"Concord Chest Freezer Single Hinged Solid Door 224L (White), FC900",$343.00,$343.00
Tv & Audio,PROJECTORS,FOUR DOORS,"LG Four Doors Refrigerator 594L, Smart Diagnosis, GCB-334DVL","$1,587.00","$1,587.00"
Tv & Audio,PROJECTORS,BOTTOM MOUNT,"Bosch Fridge Serie 4, Free Standing Fridge Bottom Freezer Stainless Steel 203x70cm, KGN49XI30U","$2,331.00","$2,331.00"
Tv & Audio,PROJECTORS,HOME APPLIANCES,"Kenwood Beverage Cooler, 55 Bottles Capacity, 85W, Glass Door, BCW55.000BK",$999.00,$999.00
Tv & Audio,PROJECTORS,HOME APPLIANCES,"Hisense Fridge Single Door 5 Feet [White], HSN-RR122D4AWU",$190.00,$190.00
Tv & Audio,PROJECTORS,HOME APPLIANCES,Hitachi Top Mount Fridge 489L Black Glass,N/A,N/A
Tv & Audio,PROJECTORS,REFRIGERATORS,"Hisense Fridge No Frost 15Cft, 320L, Safety Glass Shelf, Inverter Compressor – [Silver], HSN-RT418N4ASU",$620.00,$620.00
Tv & Audio,PROJECTORS,HOME APPLIANCES,"Camry 90L Mini Bar Fridge With Freezer (Stainless Steel), CYFR5V",$175.00,$175.00
Tv & Audio,PROJECTORS,HOME APPLIANCES,"Hisense Fridge Top Mount No Frost 21Cft, RT599N4ASU",$770.00,$770.00
